@0x8202CAB4

@0x8202CAB8

@0x8202CABC

@0x8202CAC0
1000 0 0 0 0 0
1 435 -113 780 88
2100 0
100 347 -370 -15 1000 1000 -1
3000 10
700 148 2000 1000 1000 1000 -1
200 52 2000 1000 320 40 0 40 -1 1
100 236 76 20 1000 1000 -1
200 59 130 20 320 40 0 40 -1 1
100 239 280 20 1000 1000 -1
200 28 334 20 320 40 0 40 -1 1
100 237 621 20 1000 1000 -1
200 53 675 20 320 40 0 40 -1 1
200 188 -310 11 270 96 0 60 -1 1
3000 0
2101
2 0 435 37 35000 -299 75
9 0 740 128 128 0
2100 1
1 65 140 1150 86
2101
2100 2
200 22 35 17 320 48 0 48 -1 1
3000 1
100 185 295 11 1000 1000 -1
100 233 370 11 1000 1000 -1
100 186 445 11 1000 1000 -1
100 187 520 11 1000 1000 -1
100 188 595 11 1000 1000 -1
100 189 670 11 1000 1000 -1
100 190 745 11 1000 1000 -1
100 191 820 11 1000 1000 -1
100 192 895 11 1000 1000 -1
100 193 970 11 1000 1000 -1
100 194 1045 11 1000 1000 -1
3000 0
2101
2100 1
3000 -1
1 65 225 1150 383
4 3 -8432087 0
3000 0
1 65 611 1150 72
200 29 130 621 320 48 0 48 -1 1
200 51 2350 621 320 48 0 48 -1 1
200 47 485 621 320 48 0 48 -1 1
500 570 621 0 48 -1
200 48 850 621 320 48 0 48 -1 1
200 50 3160 621 320 48 0 48 -1 1
100 230 440 623 1000 1000 -1
100 230 800 623 1000 1000 -1
2101
2 1 0 0 175000 -1550 75
2100 2
110 291 263 -21 1000 1000 -1610612737 2
110 292 338 -21 1000 1000 -1610612737 2
110 293 413 -21 1000 1000 -1610612737 2
110 294 488 -21 1000 1000 -1610612737 2
110 296 563 -21 1000 1000 -1610612737 2
110 295 638 -21 1000 1000 -1610612737 2
110 297 713 -21 1000 1000 -1610612737 2
110 298 788 -21 1000 1000 -1610612737 2
110 299 863 -21 1000 1000 -1610612737 2
110 300 938 -21 1000 1000 -1610612737 2
110 301 1013 -21 1000 1000 -1610612737 2
2101
1500 0
1502 375 174 1
1502 450 174 12
1502 525 174 2
1502 600 174 5
1502 675 174 3
1502 750 174 4
1502 825 174 9
1502 900 174 10
1502 975 174 8
1502 1050 174 7
1502 1125 174 6
1501
1503 0 -1 -2 -2 -1
1503 1 -1 -1 -1 -1

@0x8202D20C

@0x8202D210
1000 0 0 0 0 0
1 435 -113 780 88
2100 0
100 347 -370 -15 1000 1000 -1
700 148 2000 1000 1000 1000 -1
3100 -2
200 125 2000 1000 360 48 0 40 -1 1
100 236 371 20 1000 1000 -1
200 60 422 23 360 48 0 40 -1 1
100 237 621 20 1000 1000 -1
200 53 675 23 320 40 0 40 -1 1
100 239 491 20 1000 1000 -1
200 66 545 23 360 48 0 40 -1 1
100 240 20 7 1000 1000 -1
100 242 20 40 1000 1000 -1
200 64 75 23 360 48 0 40 -1 1
3100 0
200 189 -310 11 270 96 0 60 -1 1
3100 -2
2101
2 0 435 37 35000 -299 75
1 65 925 1150 323
2100 1
3000 -1
1300 20 -48 94 336 1
1300 105 -48 94 335 0
1300 190 -48 94 333 0
1300 275 -48 94 339 0
1300 360 -48 94 338 0
1300 445 -48 94 337 0
1300 530 -48 94 334 0
3000 0
800 1105 30 263 0
600 30 79 485
600 580 79 485
600 30 136 485
600 580 136 485
600 30 193 485
600 580 193 485
600 30 250 485
600 580 250 485
2101
1 65 1253 1150 167
2100 2
200 0 35 25 1080 120 0 40 -1 1
2101
2 1 65 185 175000 -1550 75
2 2 65 513 175000 -1550 75
9 685 866 530 60 8
2100 3
200 0 20 8 600 40 0 40 -1 1
2101
2 3 685 126 175000 -1550 75
1500 0
1502 115 217 1
1502 665 217 2
1502 115 274 3
1502 665 274 4
1502 115 331 5
1502 665 331 6
1502 115 388 7
1502 665 388 8
1502 115 445 9
1502 665 445 10
1501
1503 0 -1 -1 -1 -1
1503 1 -1 -1 -1 -1

@0x8202D790
3100 -2
3000 -1
9 65 880 1150 383 0
2100 0
1 0 0 1150 383
2101
4 1 -8432087 0
2 0 65 140 175000 -1550 75
3000 0
1 65 1270 1150 150
2100 2
200 0 35 13 1130 96 0 40 -1 1
200 0 35 58 1130 96 0 40 -1 1
2101
2 2 65 530 175000 -1550 75
1503 1 -1 -1 -1 -1
3100 0

@0x8202D8BC

@0x8202D8C0
3100 -2
9 0 0 380 290 8
2100 0
200 0 35 15 640 50 0 40 -1 1
200 0 35 60 640 50 0 40 -1 1
200 0 35 105 640 50 0 40 -1 1
200 0 35 150 640 50 0 40 -1 1
200 0 35 195 640 50 0 40 -1 1
200 0 35 240 640 50 0 40 -1 1
2101
3000 5
700 147 0 0 1000 1000 -1
3000 0
3100 0

@0x8202DA14

@0x8202DA18
1 65 925 623 323
2100 0
600 30 79 545
600 30 136 545
600 30 193 545
600 30 250 545
800 585 30 263 1
2101
2 0 65 185 175000 -1550 75
9 685 925 530 323 1
2100 1
3000 5
9 0 0 533 323 3
120 0 30 -2 1000 1000 -1
3000 4
100 251 10 -20 1000 1000 -1
100 251 42 -20 1000 1000 -1
100 251 490 -20 1000 1000 -1
3000 0
800 490 90 203 1
2101
2 1 685 185 175000 -1550 75
1500 1
1502 115 217 1
1502 115 274 2
1502 115 331 3
1502 115 388 4
1502 115 445 5
1501
1503 1 -1 -1 2 -1
1500 2
1502 725 262 1
1502 725 322 2
1502 725 382 3
1502 725 442 4
1501
1503 2 -1 1 -1 -1

@0x8202DC78
1 435 -113 780 88
2100 0
3100 -2
100 347 -370 -15 1000 1000 -1
100 240 36 7 1000 1000 -1
100 242 36 38 1000 1000 -1
200 87 95 23 200 40 0 40 -1 1
700 148 2400 43 1000 1000 -1
200 125 2430 23 200 40 0 40 -1 1
100 236 394 19 1000 1000 -1
200 25 450 23 160 40 0 40 -1 1
100 239 2000 19 1000 1000 -1
200 63 2000 23 160 40 0 40 -1 1
100 237 621 19 1000 1000 -1
200 53 675 23 160 40 0 40 -1 1
3100 0
200 191 -310 11 270 96 0 60 -1 1
3100 -2
2101
2 0 435 37 35000 -299 75
1 65 1270 1150 150
2100 1
200 0 35 17 1080 154 0 40 -1 1
2101
2 1 65 530 175000 -1550 75
3000 1
9 65 880 400 430 0
2100 2
200 51 790 65 480 48 0 38 -1 1
200 69 990 65 320 48 0 38 -1 1
200 55 790 120 48 48 0 38 -1 1
200 56 970 120 48 48 0 38 -1 1
200 57 790 185 120 48 0 38 -1 1
200 58 790 235 120 48 0 38 -1 1
200 71 790 285 120 48 0 38 -1 1
200 72 970 285 120 48 0 38 -1 1
200 73 790 330 120 48 0 38 -1 1
200 74 970 330 120 48 0 38 -1 1
600 790 115 320
600 790 225 320
600 790 275 320
600 790 325 140
600 970 325 140
600 790 370 140
600 970 370 140
600 790 180 320
100 146 850 160 949 850 -1
1100 1 850 160 949 850
100 126 25 115 800 800 -1
100 284 25 210 800 800 -1
100 286 25 250 800 800 -1
600 25 54 365
600 25 104 365
600 70 154 305
600 70 245 305
600 70 335 305
2101
2 2 65 140 175000 -1550 75
9 0 740 400 430 0
2100 3
200 82 855 160 480 48 0 46 -1 1
200 0 915 205 120 48 0 38 -1 0
200 0 1135 205 120 48 0 38 -1 0
200 0 910 260 180 48 0 38 -1 0
200 0 1060 262 120 48 0 36 -1 0
200 0 1015 325 240 48 0 38 -1 0
200 0 1015 375 240 48 0 38 -1 0
200 0 935 425 120 48 0 38 -1 0
200 0 1115 425 120 48 0 38 -1 0
200 0 935 470 120 48 0 38 -1 0
200 0 1115 470 120 48 0 38 -1 0
100 129 90 155 800 800 -1
100 127 90 205 800 800 -1
200 82 135 154 480 48 0 36 -1 1
200 82 135 204 480 48 0 36 -1 1
200 82 135 254 480 48 0 36 -1 1
200 82 135 299 480 48 0 36 -1 1
200 82 135 350 480 48 0 36 -1 1
200 82 135 390 480 48 0 36 -1 1
200 0 985 430 40 40 0 40 -1 1
200 0 1165 430 40 40 0 40 -1 1
200 0 985 475 40 40 0 40 -1 1
200 0 1165 475 40 40 0 40 -1 1
3000 0
100 196 475 60 920 920 -1
110 234 125 144 1000 1000 -1 2
100 285 90 440 800 800 -1
100 287 90 480 800 800 -1
200 82 135 440 480 48 0 36 -1 1
200 82 135 480 480 48 0 36 -1 1
3000 5
9 475 140 740 385 3
3000 -1
9 475 140 740 385 1
3000 -6
3000 -2
9 65 140 410 210 1
9 65 335 410 100 1
9 65 425 410 100 1
3000 2
9 65 140 410 210 3
3000 4
9 65 335 410 100 3
3000 6
9 65 425 410 100 3
3000 0
110 234 145 144 1000 1000 -1 2
110 234 435 144 1000 1000 -1 2
100 240 495 160 1000 1000 -1
100 242 1150 160 1000 1000 -1
100 129 90 297 800 800 0
3000 6
9 475 140 740 385 9
2101
2 3 0 0 175000 -1550 75
1500 0
1502 105 150 1
1502 105 200 1
1502 105 250 1
1502 105 300 1
1502 105 345 1
1502 105 385 1
1502 105 435 1
1502 105 475 1
1501
1503 0 -1 -1 -1 -1

@0x8202E8FC

@0x8202E900
1 415 140 440 390
1 852 140 363 390
800 821 185 290 0
1503 1 -1 -1 -1 -1
600 445 205 365
600 445 256 365
600 445 307 365
600 445 358 365
600 445 409 365
600 445 460 365
110 234 425 150 1000 1000 -1 2
110 234 445 150 1000 1000 -1 2
110 234 730 150 1000 1000 -1 2

@0x8202EA18
1 435 -113 780 88
3100 -2
2100 0
100 347 -370 -15 1000 1000 -1
700 148 315 47 1000 1000 -1
707 0 6
707 0 8
200 89 345 23 300 48 0 40 -1 1
100 237 621 21 1000 1000 -1
200 53 675 23 300 48 0 40 -1 1
3100 0
200 192 -320 16 275 96 0 50 -1 1
3100 -2
2101
2 0 435 37 35000 -299 75
1 65 880 1150 70
2100 1
3000 2
200 29 30 15 320 48 0 40 -1 1
200 97 300 15 120 48 0 40 -1 0
200 98 430 15 120 48 0 40 -1 0
200 99 560 15 120 48 0 40 -1 0
200 100 690 15 120 48 0 40 -1 0
200 101 820 15 120 48 0 40 -1 0
200 102 950 15 120 48 0 40 -1 0
3000 1
110 234 280 20 750 899 -1 2
104 3 -1 0
3000 0
601 280 10 51
601 410 10 51
601 540 10 51
601 670 10 51
601 800 10 51
601 930 10 51
2101
2 1 65 140 175000 -1550 75
9 65 955 128 128 0
2100 2
1 0 0 580 68
1 0 68 580 68
1 0 136 580 68
1 0 204 580 68
1 0 272 580 68
1 0 340 580 68
1 0 408 580 68
2101
3000 10
2100 3
200 90 20 15 555 50 0 36 -1 1
2101
2100 4
200 91 20 15 555 50 0 36 -1 1
2101
2100 5
200 92 20 15 555 50 0 36 -1 1
2101
2100 6
200 93 20 15 555 50 0 36 -1 1
2101
2100 7
200 96 20 15 555 50 0 36 -1 1
2101
2100 8
200 94 20 15 555 50 0 36 -1 1
2101
2100 9
200 95 20 15 555 50 0 36 -1 1
2101
2100 3
200 103 20 15 535 50 0 36 -1 1
2101
2100 4
200 104 20 15 535 50 0 36 -1 1
2101
2100 5
200 110 20 15 535 50 0 36 -1 1
2101
2100 6
200 113 20 15 535 50 0 36 -1 1
2101
2100 7
200 118 20 15 535 50 0 36 -1 1
2101
2100 8
200 116 20 15 535 50 0 36 -1 1
2101
2100 9
200 116 20 15 535 50 0 36 -1 1
2101
3000 0
2 2 65 215 175000 -1550 75
1 660 955 550 475
2100 10
100 240 30 417 949 949 -1
100 242 470 417 1000 1000 -1
200 123 80 420 300 50 0 38 -1 1
200 124 170 420 290 50 0 38 -1 1
200 0 280 15 64 48 0 40 -1 0
200 0 320 15 64 48 0 40 -1 0
200 56 300 15 64 48 0 40 -1 0
200 122 200 15 128 48 0 40 -1 1
200 0 28 60 494 800 0 38 -1 1
600 30 100 490
600 30 151 490
600 30 202 490
600 30 253 490
600 30 304 490
600 30 355 490
600 30 406 490
2101
2 10 660 215 175000 -1550 75
1500 0
1502 365 155 1
1502 495 155 2
1502 625 155 3
1502 755 155 4
1502 885 155 5
1502 1015 155 6
1503 0 -1 -1 -1 -1
1501

@0x8202F384

@0x8202F388
1 435 -113 780 88
2100 0
3100 -2
100 347 -370 -15 1000 1000 -1
700 148 2275 44 1000 1000 -1
200 125 2305 20 300 48 0 40 -1 1
700 148 2240 44 1000 1000 -1
707 1 6
707 1 8
200 129 2270 23 300 48 0 40 -1 1
100 237 395 20 1000 1000 -1
200 54 450 23 800 48 0 40 -1 1
3100 0
200 197 -310 11 270 96 0 60 -1 1
3100 -2
2101
2 0 435 37 35000 -299 75
1 65 880 1150 543
2100 1
110 234 450 12 1000 1000 -1 2
110 234 450 62 1000 1000 -1 2
200 40 120 25 400 48 0 40 -1 1
3000 1
200 130 440 25 300 48 0 40 -1 1
200 131 640 25 300 48 0 40 -1 1
3000 0
600 120 68 900
200 35 120 75 300 48 0 40 -1 1
3000 1
200 132 440 75 300 48 0 40 -1 1
200 133 640 75 300 48 0 40 -1 1
3000 0
600 120 118 900
200 37 120 135 300 48 0 40 -1 1
200 39 440 135 300 48 0 40 -1 1
600 350 178 670
200 144 440 185 300 48 0 40 -1 1
600 350 228 670
200 145 440 235 300 48 0 40 -1 1
600 120 278 900
3000 3
1200 650 133 100
300 0 920 133 40 -1 3
1200 650 183 100
300 0 920 183 40 -1 3
1200 650 233 100
300 0 920 233 40 -1 3
3000 0
110 234 440 285 1000 1000 -1 2
200 42 120 335 300 48 0 40 -1 1
200 44 440 335 300 48 0 40 -1 1
200 43 640 335 300 48 0 40 -1 1
100 312 50 15 1000 1000 -1
100 318 50 65 1000 1000 -1
100 315 50 125 1000 1000 -1
2101
2 1 65 140 175000 -1550 75
2100 0
100 240 26 7 1000 1000 -1
100 242 26 38 1000 1000 -1
200 65 80 23 240 40 0 40 -1 1
2101
2100 1
100 242 1060 490 1000 1000 -1
200 124 620 490 430 50 0 40 -1 1
300 1 555 490 40 -1 1
300 2 595 490 40 -1 1
200 56 575 490 64 48 0 40 -1 0
200 122 480 490 128 48 0 40 -1 1
2101
2100 1
110 234 440 285 1000 1000 -1 2
200 201 120 285 300 48 0 40 -1 1
200 130 440 285 300 48 0 40 -1 1
200 131 640 285 300 48 0 40 -1 1
600 120 328 900
100 350 50 275 1000 1000 -1
2101
1500 0
1502 500 165 1
1502 500 215 2
1501
1503 0 -5 -1 -1 -5
1500 3
1502 500 275 1
1502 500 325 2
1502 500 375 3
1501
1503 3 0 -1 -1 2
1500 2
1502 500 430 5
1502 500 480 4
1501
1503 2 3 -1 -1 -1

@0x8202FBF4

@0x8202FBF8
1 65 140 1150 543
2100 0
3100 -2
110 234 500 202 1000 1000 -1 2
110 234 500 242 1000 1000 -1 2
110 234 500 282 1000 1000 -1 2
200 137 120 25 300 96 0 40 -1 1
3000 1
200 138 440 25 300 48 0 40 -1 1
200 141 670 25 300 48 0 40 -1 1
200 142 770 25 300 48 0 40 -1 1
200 143 870 25 300 48 0 40 -1 1
200 206 970 25 300 48 0 40 -1 1
200 139 440 75 300 48 0 40 -1 1
200 141 670 75 300 48 0 40 -1 1
200 142 770 75 300 48 0 40 -1 1
200 143 870 75 300 48 0 40 -1 1
200 206 970 75 300 48 0 40 -1 1
200 140 440 125 300 48 0 40 -1 1
200 141 670 125 300 48 0 40 -1 1
200 142 770 125 300 48 0 40 -1 1
200 143 870 125 300 48 0 40 -1 1
200 206 970 125 300 48 0 40 -1 1
3000 0
100 313 50 15 1000 1000 -1
2101
2100 0
100 240 40 490 1000 1000 -1
200 123 95 490 400 50 0 40 -1 1
300 2 555 490 40 -1 1
300 2 595 490 40 -1 1
200 56 575 490 64 48 0 40 -1 0
200 122 480 490 128 48 0 40 -1 1
2101
1500 1
1502 500 165 4
1502 500 215 5
1502 500 265 6
1501
1503 1 -1 -1 -1 -1

@0x8203005C

@0x82030060
1 435 -113 780 88
2100 0
3100 -2
100 347 -370 -15 1000 1000 -1
700 148 2420 44 1000 1000 -1
100 236 440 20 1000 1000 -1
100 237 630 20 1000 1000 -1
200 125 2455 20 320 40 0 40 -1 1
200 59 490 20 320 40 0 40 -1 1
200 53 680 20 320 40 0 40 -1 1
3100 0
200 200 -310 11 270 96 0 60 -1 1
3100 -2
2101
2 0 435 37 35000 -299 75
1 -675 140 400 215
2100 1
200 151 25 15 320 48 0 40 -1 1
200 152 25 60 320 48 0 40 -1 1
200 153 25 105 320 48 0 40 -1 1
200 154 25 150 320 48 0 40 -1 1
110 234 20 10 1000 1000 -1 2
2101
2 1 65 145 175000 -1550 75
1 65 1270 1150 150
2100 2
200 0 30 18 1090 144 0 40 -1 1
2101
2 2 65 530 175000 -1550 75
1 1205 470 345 60
2100 3
200 149 30 10 240 48 0 40 -1 1
300 11 220 10 40 -1 2
2101
2 3 465 470 175000 -1550 75
1 1555 470 400 60
2100 4
200 48 50 10 160 48 0 40 -1 1
300 11111111 158 10 40 -1 8
200 50 340 10 40 48 0 40 -1 1
2101
2 4 815 470 175000 -1550 75
1 1205 175 750 295
2100 5
800 700 40 235 0
3000 -1
1300 25 -48 94 340 1
1300 110 -48 94 336 0
1300 195 -48 94 333 0
1300 280 -48 94 339 0
1300 365 -48 94 338 0
3000 0
2101
2 5 465 175 175000 -1550 75
2100 0
100 241 2015 20 1000 1000 -1
100 243 2045 20 1000 1000 -1
200 46 2085 23 240 40 0 40 -1 1
100 240 20 7 1000 1000 -1
100 242 20 38 1000 1000 -1
200 64 74 23 540 40 0 40 -1 1
2101
1500 0
1502 105 155 1
1502 105 200 2
1502 105 245 3
1502 105 295 3
1501
1503 0 -2 -1 -1 -2
1500 1
1502 515 220 1
1502 515 285 2
1502 515 350 3
1502 515 415 4
1501
1503 1 -1 -1 -1 -1

@0x820306BC

@0x820306C0
9 365 180 128 128 0
2100 0
3100 -2
110 234 296 102 1000 1000 -1 2
1 0 0 550 200
3000 1
100 126 30 20 1000 1000 -1
200 0 80 20 480 40 0 40 -1 1
200 146 228 110 48 48 0 48 -1 1
300 0 270 110 48 -1 1
300 1 302 110 48 -1 1
100 266 285 72 1000 1000 -1
600 10 80 530
3000 0
1 0 200 550 80
200 156 200 220 96 48 0 40 -1 1
200 50 480 223 48 48 0 40 -1 1
300 97251623 300 220 40 -1 8
2101

@0x82030884

@0x82030888
9 365 300 480 180 8
3100 -2
2100 0
200 176 20 10 1024 48 0 40 -1 1
200 178 40 70 320 48 0 40 -1 1
200 179 40 120 320 48 0 40 -1 1
2101
1500 2
1502 410 370 1
1502 410 420 2
1501
1503 2 -1 -1 -1 -1

@0x82030974

@0x82030978
3100 -2
9 365 300 480 70 8
2100 0
200 0 20 15 1024 96 0 40 -1 1
2101

@0x820309D0
9 65 245 400 415 0
2100 0
1 0 0 400 285
200 1 0 130 400 48 0 44 -1 1
200 82 110 185 60 48 0 40 -1 0
200 82 290 185 60 48 0 40 -1 0
200 82 110 230 60 48 0 40 -1 0
200 82 290 230 60 48 0 40 -1 0
200 0 165 190 40 40 0 40 -1 1
200 0 345 190 40 40 0 40 -1 1
200 0 165 235 40 40 0 40 -1 1
200 0 345 235 40 40 0 40 -1 1
3000 0
100 343 14 5 800 800 0
100 343 84 5 800 800 0
100 343 154 5 800 800 0
100 343 224 5 800 800 0
100 343 294 5 800 800 0
100 343 14 63 800 800 0
100 343 84 63 800 800 0
100 343 154 63 800 800 0
100 343 224 63 800 800 0
100 343 294 63 800 800 0
100 342 55 120 1000 1000 -1
100 342 280 120 1000 1000 -1
3000 1
100 344 0 1110 800 800 -1
3000 2
100 254 0 1110 800 800 -1
100 255 0 1110 800 800 -1
100 256 0 1110 800 800 -1
100 257 0 1110 800 800 -1
100 258 0 1110 800 800 -1
100 259 0 1110 800 800 -1
100 260 0 1110 800 800 -1
100 261 0 1110 800 800 -1
100 262 0 1110 800 800 -1
100 263 0 1110 800 800 -1
3000 0
200 71 30 185 120 48 0 40 -1 1
200 72 210 185 120 48 0 40 -1 1
200 73 30 230 120 48 0 40 -1 1
200 74 210 230 120 48 0 40 -1 1
100 241 15 130 1000 1000 -1
100 243 336 130 1000 1000 -1
600 10 180 380
600 30 225 140
600 210 225 140
600 30 270 140
600 210 270 140
3000 3
100 349 49 41 500 500 -1
100 349 119 41 500 500 -1
100 349 189 41 500 500 -1
100 349 259 41 500 500 -1
100 349 329 41 500 500 -1
100 349 49 99 500 500 -1
100 349 119 99 500 500 -1
100 349 189 99 500 500 -1
100 349 259 99 500 500 -1
100 349 329 99 500 500 -1
3000 0
2101

@0x82031068
1 435 -113 780 88
2100 0
3100 -2
100 347 -370 -15 1000 1000 -1
700 148 2380 43 1000 1000 -1
707 0 2
707 0 4
200 125 2410 23 300 48 0 40 -1 1
100 236 486 19 1000 1000 -1
200 127 540 23 300 48 0 40 -1 1
100 237 621 19 1000 1000 -1
200 53 675 23 300 48 0 40 -1 1
100 239 20 19 1000 1000 -1
200 169 74 23 900 48 0 40 -1 1
3100 0
200 195 -310 11 270 96 0 60 -1 1
3100 -2
2101
2 0 435 37 35000 -299 75
9 430 880 440 543 0
2100 1
1 0 0 440 75
1 0 75 440 75
1 0 150 440 75
1 0 225 440 75
1 0 300 440 75
1 0 375 440 75
1 0 450 440 75
2101
2 1 430 140 175000 -1550 75
1500 0
1502 480 167 1
1502 480 242 2
1502 480 317 3
1502 480 392 4
1502 480 467 5
1502 480 542 6
1502 480 617 7
1501
1503 0 -1 -1 -1 -1

@0x8203138C

@0x82031390
1 65 880 1150 543
3100 -2
2100 0
100 240 80 410 1000 1000 -1
100 242 1020 410 1000 1000 -1
100 251 10 444 1000 1000 -1
100 251 42 444 1000 1000 -1
100 251 1110 444 1000 1000 -1
200 56 590 15 40 40 0 40 -1 0
200 122 490 15 120 40 0 40 -1 1
200 123 140 410 160 48 0 40 -1 1
200 124 610 410 400 48 0 40 -1 1
300 2 610 15 40 -1 1
300 1 570 15 40 -1 1
200 0 100 60 950 600 0 38 -1 1
600 100 103 950
600 100 151 950
600 100 199 950
600 100 247 950
600 100 295 950
600 100 343 950
600 100 391 950
2101

@0x820315B8
1 435 -113 780 88
2100 0
3100 -2
100 347 -370 -15 1000 1000 -1
100 240 26 7 1000 1000 -1
100 242 26 38 1000 1000 -1
200 64 85 23 200 40 0 40 -1 1
700 148 2240 46 1000 1000 -1
200 125 2275 23 360 48 0 40 -1 1
100 236 291 20 1000 1000 -1
200 158 345 23 360 48 0 40 -1 1
100 239 486 20 1000 1000 -1
200 159 540 23 320 40 0 40 -1 1
100 237 621 20 1000 1000 -1
200 53 675 23 320 40 0 40 -1 1
3100 0
200 196 -310 11 270 96 0 60 -1 1
3100 -2
2101
2 0 435 37 35000 -299 75
1 65 880 1150 90
2100 1
200 0 30 20 320 48 0 40 -1 1
100 272 1050 20 1000 1000 0
2101
2 1 65 140 175000 -1550 75
1 65 1030 1150 410
2100 2
3000 -1
1300 30 -48 334 0 1
1300 350 -48 254 0 0
1300 590 -48 174 0 0
3000 0
800 1090 30 350 0
2101
2 2 65 290 175000 -1550 75
110 234 1600 800 1000 1000 -1 2
110 234 1600 800 1000 1000 -1 2
110 234 1600 800 1000 1000 -1 2
1500 0
1502 105 335 1
1502 105 425 2
1502 105 515 3
1502 105 605 4
1501
1503 0 -1 -1 -1 -1

@0x820319B0
1 340 280 600 120
2100 0
200 182 20 20 560 100 0 40 -1 1
2101

@0x820319FC

@0x82057018
1000 0 0 0 0 0
1 435 -113 780 88
2100 0
100 347 -370 -15 1000 1000 -1
3000 10
700 148 90 44 1000 1000 -1
707 0 4
707 0 6
707 0 8
200 52 120 20 320 40 0 40 -1 1
100 236 296 20 1000 1000 -1
200 59 350 20 320 40 0 40 -1 1
100 239 440 20 1000 1000 -1
200 28 494 20 320 40 0 40 -1 1
100 237 641 20 1000 1000 -1
200 53 695 20 320 40 0 40 -1 1
200 188 -310 11 270 96 0 60 -1 1
3000 0
2101
2 0 435 37 35000 -299 75
9 0 740 128 128 0
2100 1
1 65 140 1150 86
2101
2100 2
200 22 35 17 320 48 0 48 -1 1
3000 1
100 185 295 11 1000 1000 -1
100 233 370 11 1000 1000 -1
100 186 445 11 1000 1000 -1
100 187 520 11 1000 1000 -1
100 188 595 11 1000 1000 -1
100 189 670 11 1000 1000 -1
100 190 745 11 1000 1000 -1
100 191 820 11 1000 1000 -1
100 192 895 11 1000 1000 -1
100 193 970 11 1000 1000 -1
100 194 1045 11 1000 1000 -1
3000 0
2101
2100 1
3000 -1
1 65 225 1150 383
4 3 -8432087 0
3000 0
1 65 611 1150 72
200 29 100 621 320 48 0 48 -1 1
200 51 350 621 320 48 0 48 -1 1
200 47 500 621 320 48 0 48 -1 1
500 570 621 0 48 -1
200 48 850 621 320 48 0 48 -1 1
200 50 1160 621 320 48 0 48 -1 1
100 230 450 623 1000 1000 -1
100 230 800 623 1000 1000 -1
2101
2 1 0 0 175000 -1550 75
2100 2
110 291 263 -21 1000 1000 -1610612737 2
110 292 338 -21 1000 1000 -1610612737 2
110 293 413 -21 1000 1000 -1610612737 2
110 294 488 -21 1000 1000 -1610612737 2
110 296 563 -21 1000 1000 -1610612737 2
110 295 638 -21 1000 1000 -1610612737 2
110 297 713 -21 1000 1000 -1610612737 2
110 298 788 -21 1000 1000 -1610612737 2
110 299 863 -21 1000 1000 -1610612737 2
110 300 938 -21 1000 1000 -1610612737 2
110 301 1013 -21 1000 1000 -1610612737 2
2101
1500 0
1502 375 174 1
1502 450 174 12
1502 525 174 2
1502 600 174 5
1502 675 174 3
1502 750 174 4
1502 825 174 9
1502 900 174 10
1502 975 174 8
1502 1050 174 7
1502 1125 174 6
1501
1503 0 -1 -2 -2 -1
1503 1 -1 -1 -1 -1

@0x82057788
1000 0 0 0 0 0
1 435 -113 780 88
2100 0
100 347 -370 -15 1000 1000 -1
700 148 238 43 1000 1000 -1
707 0 2
707 0 4
707 0 6
707 0 8
3100 -2
200 125 268 23 360 48 0 40 -1 1
100 236 356 20 1000 1000 -1
200 60 407 23 360 48 0 40 -1 1
100 237 651 20 1000 1000 -1
200 53 705 23 320 40 0 40 -1 1
100 239 481 20 1000 1000 -1
200 66 535 23 360 48 0 40 -1 1
100 240 20 7 1000 1000 -1
100 242 20 40 1000 1000 -1
200 64 75 23 360 48 0 40 -1 1
3100 0
200 189 -310 11 270 96 0 60 -1 1
3100 -2
2101
2 0 435 37 35000 -299 75
1 65 925 1150 380
2100 1
3000 -1
1300 20 -48 94 336 1
1300 105 -48 94 335 0
1300 190 -48 94 333 0
1300 275 -48 94 339 0
1300 360 -48 94 338 0
1300 445 -48 94 337 0
1300 530 -48 94 334 0
3000 0
800 1105 30 320 0
600 30 79 485
600 580 79 485
600 30 136 485
600 580 136 485
600 30 193 485
600 580 193 485
600 30 250 485
600 580 250 485
600 30 307 485
600 580 307 485
2101
1 65 1310 1150 110
2100 2
200 0 35 18 1130 96 0 40 -1 1
2101
2 1 65 185 175000 -1550 75
2 2 65 570 175000 -1550 75
9 685 866 530 60 8
2100 3
200 0 20 8 600 40 0 40 -1 1
2101
2 3 685 126 175000 -1550 75
1500 0
1502 115 217 1
1502 665 217 2
1502 115 274 3
1502 665 274 4
1502 115 331 5
1502 665 331 6
1502 115 388 7
1502 665 388 8
1502 115 445 9
1502 665 445 10
1502 115 502 11
1502 665 502 12
1501
1503 0 -1 -1 -1 -1
1503 1 -1 -1 -1 -1

@0x82057D4C

@0x82057D50
3100 -2
3000 -1
9 65 880 1150 383 0
2100 0
1 0 0 1150 383
2101
4 1 -8432087 0
2 0 65 140 175000 -1550 75
3000 0
1 65 1270 1150 150
2100 2
200 0 35 13 1130 96 0 40 -1 1
200 0 35 58 1130 96 0 40 -1 1
2101
2 2 65 530 175000 -1550 75
1503 1 -1 -1 -1 -1
3100 0

@0x82057E7C

@0x82057E80
3100 -2
9 0 0 380 290 8
2100 0
200 0 35 15 640 50 0 40 -1 1
200 0 35 60 640 50 0 40 -1 1
200 0 35 105 640 50 0 40 -1 1
200 0 35 150 640 50 0 40 -1 1
200 0 35 195 640 50 0 40 -1 1
200 0 35 240 640 50 0 40 -1 1
2101
3000 5
700 147 0 0 1000 1000 -1
3000 0
3100 0

@0x82057FD4

@0x82057FD8
1 65 925 623 380
2100 0
600 30 79 545
600 30 136 545
600 30 193 545
600 30 250 545
600 30 307 545
800 585 30 320 1
2101
2 0 65 185 175000 -1550 75
9 685 925 530 380 1
2100 1
3000 5
9 0 0 533 380 3
120 0 30 -2 1000 1000 -1
3000 4
100 251 10 -20 1000 1000 -1
100 251 42 -20 1000 1000 -1
100 251 490 -20 1000 1000 -1
3000 0
800 490 90 260 1
2101
2 1 685 185 175000 -1550 75
1500 1
1502 115 217 1
1502 115 274 2
1502 115 331 3
1502 115 388 4
1502 115 445 5
1502 115 502 6
1501
1503 1 -1 -1 2 -1
1500 2
1502 725 262 1
1502 725 322 2
1502 725 382 3
1502 725 442 4
1502 725 502 5
1501
1503 2 -1 1 -1 -1

@0x82058268
1 435 -113 780 88
2100 0
3100 -2
100 347 -370 -15 1000 1000 -1
100 240 36 7 1000 1000 -1
100 242 36 38 1000 1000 -1
200 87 95 23 200 40 0 40 -1 1
700 148 400 43 1000 1000 -1
707 0 2
707 0 4
200 125 430 23 200 40 0 40 -1 1
100 236 514 19 1000 1000 -1
200 25 570 23 160 40 0 40 -1 1
100 239 2000 19 1000 1000 -1
200 63 2000 23 160 40 0 40 -1 1
100 237 651 19 1000 1000 -1
200 53 705 23 160 40 0 40 -1 1
3100 0
200 191 -310 11 270 96 0 60 -1 1
3100 -2
2101
2 0 435 37 35000 -299 75
1 65 1310 1150 110
2100 1
200 0 35 10 1080 96 0 40 -1 1
2101
2 1 65 570 175000 -1550 75
3000 1
9 65 880 400 430 0
2100 2
200 51 790 70 480 48 0 40 -1 1
200 69 990 70 320 48 0 40 -1 1
200 55 790 130 40 40 0 40 -1 1
200 56 970 130 48 48 0 40 -1 1
200 57 790 195 120 48 0 40 -1 1
200 58 790 245 120 48 0 40 -1 1
200 71 790 310 120 48 0 40 -1 1
200 72 970 310 120 48 0 40 -1 1
200 73 790 370 120 48 0 40 -1 1
200 74 970 370 120 48 0 40 -1 1
600 790 120 320
600 790 235 320
600 790 285 320
600 790 350 140
600 970 350 140
600 790 410 140
600 970 410 140
600 790 190 320
100 146 850 170 949 850 -1
1100 1 850 170 949 850
100 126 20 120 1000 1000 -1
100 284 20 230 899 1000 -1
100 286 20 275 899 1000 -1
600 20 59 365
600 20 114 365
600 80 169 305
600 80 270 305
600 80 370 305
2101
2 2 65 140 175000 -1550 75
9 0 740 400 430 0
2100 3
200 82 855 160 480 48 0 48 -1 1
200 0 915 210 120 48 0 40 -1 0
200 0 1135 210 120 48 0 40 -1 0
200 0 910 270 180 48 0 40 -1 0
200 0 1060 272 120 48 0 38 -1 0
200 0 1015 335 240 48 0 40 -1 0
200 0 1015 385 240 48 0 40 -1 0
200 0 935 450 120 48 0 40 -1 0
200 0 1115 450 120 48 0 40 -1 0
200 0 935 510 120 48 0 40 -1 0
200 0 1115 510 120 48 0 40 -1 0
100 129 85 150 1000 1000 -1
100 127 85 205 1000 1000 -1
200 82 145 154 480 48 0 40 -1 1
200 82 145 209 480 48 0 40 -1 1
200 82 145 264 480 48 0 40 -1 1
200 82 145 319 480 48 0 40 -1 1
200 82 145 370 480 48 0 40 -1 1
200 82 145 415 480 48 0 40 -1 1
200 0 995 450 40 40 0 40 -1 1
200 0 1175 450 40 40 0 40 -1 1
200 0 995 510 40 40 0 40 -1 1
200 0 1175 510 40 40 0 40 -1 1
3000 0
100 196 475 60 1000 1000 -1
110 234 125 144 1000 1000 -1 2
100 285 85 470 899 899 -1
100 287 85 515 899 899 -1
200 82 145 470 480 48 0 40 -1 1
200 82 145 515 480 48 0 40 -1 1
3000 5
9 475 140 740 430 3
3000 -1
9 475 140 740 430 1
3000 -6
3000 -2
9 65 140 410 230 1
9 65 360 410 110 1
9 65 460 410 110 1
3000 2
9 65 140 410 230 3
3000 4
9 65 360 410 110 3
3000 6
9 65 460 410 110 3
3000 0
110 234 145 144 1000 1000 -1 2
110 234 435 144 1000 1000 -1 2
100 240 495 160 1000 1000 -1
100 242 1150 160 1000 1000 -1
100 129 85 312 1000 1000 0
3000 6
9 475 140 740 430 9
2101
2 3 0 0 175000 -1550 75
1500 0
1502 105 150 1
1502 105 205 1
1502 105 260 1
1502 105 315 1
1502 105 370 1
1502 105 415 1
1502 105 470 1
1502 105 510 1
1501
1503 0 -1 -1 -1 -1

@0x82058F04

@0x82058F08
1 465 140 390 430
1 852 140 363 430
800 821 185 330 0
1503 1 -1 -1 -1 -1
600 485 205 325
600 485 263 325
600 485 321 325
600 485 379 325
600 485 437 325
600 485 495 325
110 234 475 150 1000 1000 -1 2
110 234 495 150 1000 1000 -1 2
110 234 780 150 1000 1000 -1 2

@0x82059020
1 435 -113 780 88
3100 -2
2100 0
100 347 -370 -15 1000 1000 -1
700 148 335 47 1000 1000 -1
707 0 6
707 0 8
200 89 365 23 300 48 0 40 -1 1
100 237 641 21 1000 1000 -1
200 53 695 23 300 48 0 40 -1 1
3100 0
200 192 -320 11 280 96 0 56 -1 1
3100 -2
2101
2 0 435 37 35000 -299 75
1 65 880 1150 70
2100 1
3000 2
200 29 30 15 320 48 0 40 -1 1
200 97 300 15 120 48 0 40 -1 0
200 98 430 15 120 48 0 40 -1 0
200 99 560 15 120 48 0 40 -1 0
200 100 690 15 120 48 0 40 -1 0
200 101 820 15 120 48 0 40 -1 0
200 102 950 15 120 48 0 40 -1 0
3000 1
110 234 280 20 750 899 -1 2
104 3 -1 0
3000 0
601 280 10 51
601 410 10 51
601 540 10 51
601 670 10 51
601 800 10 51
601 930 10 51
2101
2 1 65 140 175000 -1550 75
9 65 955 128 128 0
2100 2
1 0 0 520 68
1 0 68 520 68
1 0 136 520 68
1 0 204 520 68
1 0 272 520 68
1 0 340 520 68
1 0 408 520 68
2101
2100 3
200 90 20 15 475 50 0 40 -1 1
2101
2100 4
200 91 20 15 475 50 0 40 -1 1
2101
2100 5
200 92 20 15 475 50 0 40 -1 1
2101
2100 6
200 93 20 15 475 50 0 40 -1 1
2101
2100 7
200 96 20 15 475 50 0 40 -1 1
2101
2100 8
200 94 20 15 475 50 0 40 -1 1
2101
2100 9
200 95 20 15 475 50 0 40 -1 1
2101
2100 3
200 103 20 15 465 50 0 40 -1 1
2101
2100 4
200 104 20 15 465 50 0 40 -1 1
2101
2100 5
200 110 20 15 465 50 0 40 -1 1
2101
2100 6
200 113 20 15 465 50 0 40 -1 1
2101
2100 7
200 118 20 15 465 50 0 40 -1 1
2101
2100 8
200 116 20 15 465 50 0 40 -1 1
2101
2100 9
200 116 20 15 465 50 0 40 -1 1
2101
2 2 65 215 175000 -1550 75
1 590 955 620 475
2100 10
100 240 40 417 1000 1000 -1
100 242 530 417 1000 1000 -1
200 123 90 420 200 50 0 40 -1 1
200 124 322 420 200 50 0 40 -1 1
200 0 220 15 64 48 0 40 -1 0
200 0 260 15 64 48 0 40 -1 0
200 56 240 15 64 48 0 40 -1 0
200 122 285 15 128 48 0 40 -1 1
200 0 38 60 544 800 0 40 -1 1
600 30 104 560
600 30 164 560
600 30 224 560
600 30 284 560
600 30 344 560
600 30 404 560
2101
2 10 590 215 175000 -1550 75
1500 0
1502 365 155 1
1502 495 155 2
1502 625 155 3
1502 755 155 4
1502 885 155 5
1502 1015 155 6
1503 0 -1 -1 -1 -1
1501

@0x8205996C

@0x82059970
1 435 -113 780 88
2100 0
3100 -2
100 347 -370 -15 1000 1000 -1
700 148 275 44 1000 1000 -1
707 0 2
707 0 4
200 125 305 20 300 48 0 40 -1 1
700 148 420 44 1000 1000 -1
707 1 6
707 1 8
200 129 450 20 300 48 0 40 -1 1
100 237 530 16 1000 1000 -1
200 54 585 20 300 48 0 40 -1 1
3100 0
200 197 -310 11 270 96 0 60 -1 1
3100 -2
2101
2 0 435 37 35000 -299 75
1 65 880 1150 543
2100 1
110 234 450 12 1000 1000 -1 2
110 234 450 62 1000 1000 -1 2
200 40 120 25 400 48 0 40 -1 1
3000 1
200 130 440 25 300 48 0 40 -1 1
200 131 640 25 300 48 0 40 -1 1
3000 0
600 120 68 900
200 35 120 75 300 48 0 40 -1 1
3000 1
200 132 440 75 300 48 0 40 -1 1
200 133 640 75 300 48 0 40 -1 1
3000 0
600 120 118 900
200 37 120 135 300 48 0 40 -1 1
200 39 440 135 300 48 0 40 -1 1
600 350 178 670
200 144 440 185 300 48 0 40 -1 1
600 350 228 670
200 145 440 235 300 48 0 40 -1 1
600 120 278 900
3000 3
1200 600 133 100
300 0 870 133 40 -1 3
1200 600 183 100
300 0 870 183 40 -1 3
1200 600 233 100
300 0 870 233 40 -1 3
3000 0
110 234 440 285 1000 1000 -1 2
200 42 120 335 300 48 0 40 -1 1
200 43 440 335 300 48 0 40 -1 1
200 44 640 335 300 48 0 40 -1 1
100 312 50 15 1000 1000 -1
100 318 50 65 1000 1000 -1
100 315 50 125 1000 1000 -1
2101
2 1 65 140 175000 -1550 75
2100 0
100 240 26 7 1000 1000 -1
100 242 26 38 1000 1000 -1
200 65 80 23 240 40 0 40 -1 1
2101
2100 1
100 242 1060 490 1000 1000 -1
200 124 850 490 200 50 0 40 -1 1
300 1 485 490 40 -1 1
300 2 525 490 40 -1 1
200 56 505 490 64 48 0 40 -1 0
200 122 550 490 128 48 0 40 -1 1
2101
2100 1
110 234 440 285 1000 1000 -1 2
200 201 120 285 300 48 0 40 -1 1
200 130 440 285 300 48 0 40 -1 1
200 131 640 285 300 48 0 40 -1 1
600 120 328 900
100 350 50 275 1000 1000 -1
2101
1500 0
1502 500 165 1
1502 500 215 2
1501
1503 0 -5 -1 -1 -5
1500 3
1502 500 275 1
1502 500 325 2
1502 500 375 3
1501
1503 3 0 -1 -1 2
1500 2
1502 500 430 5
1502 500 480 4
1501
1503 2 3 -1 -1 -1

@0x8205A1F4

@0x8205A1F8
1 65 140 1150 543
2100 0
3100 -2
110 234 500 202 1000 1000 -1 2
110 234 500 242 1000 1000 -1 2
110 234 500 282 1000 1000 -1 2
200 137 120 25 300 96 0 40 -1 1
3000 1
200 138 440 25 300 48 0 40 -1 1
200 141 670 25 300 48 0 40 -1 1
200 142 770 25 300 48 0 40 -1 1
200 143 870 25 300 48 0 40 -1 1
200 206 970 25 300 48 0 40 -1 1
200 139 440 75 300 48 0 40 -1 1
200 141 670 75 300 48 0 40 -1 1
200 142 770 75 300 48 0 40 -1 1
200 143 870 75 300 48 0 40 -1 1
200 206 970 75 300 48 0 40 -1 1
200 140 440 125 300 48 0 40 -1 1
200 141 670 125 300 48 0 40 -1 1
200 142 770 125 300 48 0 40 -1 1
200 143 870 125 300 48 0 40 -1 1
200 206 970 125 300 48 0 40 -1 1
3000 0
100 313 50 35 1000 1000 -1
2101
2100 0
100 240 40 490 1000 1000 -1
200 123 95 490 200 50 0 40 -1 1
300 2 485 490 40 -1 1
300 2 525 490 40 -1 1
200 56 505 490 64 48 0 40 -1 0
200 122 550 490 128 48 0 40 -1 1
2101
1500 1
1502 500 165 4
1502 500 215 5
1502 500 265 6
1501
1503 1 -1 -1 -1 -1

@0x8205A65C

@0x8205A660
1 435 -113 780 88
2100 0
3100 -2
100 347 -370 -15 1000 1000 -1
700 148 420 44 1000 1000 -1
707 0 2
707 0 4
100 236 535 20 1000 1000 -1
100 237 660 20 1000 1000 -1
200 125 455 20 320 40 0 40 -1 1
200 59 585 20 320 40 0 40 -1 1
200 53 710 20 320 40 0 40 -1 1
3100 0
200 200 -310 11 270 96 0 60 -1 1
3100 -2
2101
2 0 435 37 35000 -299 75
1 -675 140 400 230
2100 1
200 151 20 15 320 48 0 40 -1 0
200 152 20 65 320 48 0 40 -1 0
200 153 20 115 320 48 0 40 -1 0
200 154 20 165 320 48 0 40 -1 0
110 234 20 10 1000 1000 -1 2
2101
2 1 65 145 175000 -1550 75
1 65 1310 1150 110
2100 2
200 0 35 18 1130 96 0 40 -1 1
2101
2 2 65 570 175000 -1550 75
1 1205 485 345 80
2100 3
200 149 30 20 240 48 0 40 -1 0
300 11 220 20 40 -1 2
2101
2 3 465 485 175000 -1550 75
1 1555 485 400 80
2100 4
200 48 50 20 160 48 0 40 -1 0
300 11111111 160 20 40 -1 8
200 50 340 20 40 48 0 40 -1 0
2101
2 4 815 485 175000 -1550 75
1 1205 175 750 305
2100 5
800 700 50 235 0
3000 -1
1300 25 -48 94 340 1
1300 110 -48 94 336 0
1300 195 -48 94 333 0
1300 280 -48 94 339 0
1300 365 -48 94 338 0
3000 0
2101
2 5 465 175 175000 -1550 75
2100 0
100 241 2015 20 1000 1000 -1
100 243 2045 20 1000 1000 -1
200 46 2085 23 240 40 0 40 -1 1
100 240 20 7 1000 1000 -1
100 242 20 38 1000 1000 -1
200 64 74 23 240 40 0 40 -1 1
2101
1500 0
1502 105 155 1
1502 105 205 2
1502 105 255 3
1502 105 305 3
1501
1503 0 -2 -1 -1 -2
1500 1
1502 515 220 1
1502 515 285 2
1502 515 350 3
1502 515 415 4
1501
1503 1 -1 -1 -1 -1

@0x8205ACD4

@0x8205ACD8
9 365 180 128 128 0
2100 0
3100 -2
110 234 296 102 1000 1000 -1 2
1 0 0 550 200
3000 1
100 126 30 20 1000 1000 -1
200 0 80 20 480 40 0 40 -1 0
200 146 228 110 48 48 0 48 -1 1
300 0 270 110 48 -1 1
300 1 302 110 48 -1 1
100 266 285 72 1000 1000 -1
600 10 80 530
3000 0
1 0 200 550 80
200 156 200 220 96 48 0 40 -1 0
200 50 480 220 48 48 0 40 -1 0
300 97251623 300 220 40 -1 8
2101

@0x8205AE9C

@0x8205AEA0
9 365 300 480 180 8
3100 -2
2100 0
200 176 20 10 1024 48 0 40 -1 1
200 178 40 70 320 48 0 40 -1 1
200 179 40 120 320 48 0 40 -1 1
2101
1500 2
1502 410 370 1
1502 410 420 2
1501
1503 2 -1 -1 -1 -1

@0x8205AF8C

@0x8205AF90
3100 -2
9 365 300 480 70 8
2100 0
200 0 20 15 1024 96 0 40 -1 1
2101

@0x8205AFE8
9 65 250 400 430 0
2100 0
1 0 0 400 315
200 1 0 145 400 48 0 44 -1 1
200 82 115 205 60 48 0 40 -1 0
200 82 295 205 60 48 0 40 -1 0
200 82 115 260 60 48 0 40 -1 0
200 82 295 260 60 48 0 40 -1 0
200 0 175 205 40 40 0 40 -1 1
200 0 355 205 40 40 0 40 -1 1
200 0 175 260 40 40 0 40 -1 1
200 0 355 260 40 40 0 40 -1 1
3000 0
100 343 14 5 1000 1000 0
100 343 84 5 1000 1000 0
100 343 154 5 1000 1000 0
100 343 224 5 1000 1000 0
100 343 294 5 1000 1000 0
100 343 14 70 1000 1000 0
100 343 84 70 1000 1000 0
100 343 154 70 1000 1000 0
100 343 224 70 1000 1000 0
100 343 294 70 1000 1000 0
100 342 55 135 1000 1000 -1
100 342 280 135 1000 1000 -1
3000 1
100 344 0 1110 1000 1000 -1
3000 2
100 254 0 1110 1000 1000 -1
100 255 0 1110 1000 1000 -1
100 256 0 1110 1000 1000 -1
100 257 0 1110 1000 1000 -1
100 258 0 1110 1000 1000 -1
100 259 0 1110 1000 1000 -1
100 260 0 1110 1000 1000 -1
100 261 0 1110 1000 1000 -1
100 262 0 1110 1000 1000 -1
100 263 0 1110 1000 1000 -1
3000 0
200 71 35 205 120 48 0 40 -1 1
200 72 215 205 120 48 0 40 -1 1
200 73 35 260 120 48 0 40 -1 1
200 74 215 260 120 48 0 40 -1 1
100 241 15 145 1000 1000 -1
100 243 336 145 1000 1000 -1
600 10 195 380
600 35 245 140
600 215 245 140
600 35 300 140
600 215 300 140
3000 3
100 349 54 50 500 500 -1
100 349 124 50 500 500 -1
100 349 194 50 500 500 -1
100 349 264 50 500 500 -1
100 349 334 50 500 500 -1
100 349 54 115 500 500 -1
100 349 124 115 500 500 -1
100 349 194 115 500 500 -1
100 349 264 115 500 500 -1
100 349 334 115 500 500 -1
3000 0
2101

@0x8205B680
1 435 -113 780 88
2100 0
3100 -2
100 347 -370 -15 1000 1000 -1
700 148 380 43 1000 1000 -1
707 0 2
707 0 4
200 125 410 23 300 48 0 40 -1 1
100 236 501 19 1000 1000 -1
200 127 555 23 300 48 0 40 -1 1
100 237 641 19 1000 1000 -1
200 53 695 23 300 48 0 40 -1 1
100 239 20 19 1000 1000 -1
200 169 74 23 300 48 0 40 -1 1
3100 0
200 195 -310 11 270 96 0 60 -1 1
3100 -2
2101
2 0 435 37 35000 -299 75
9 430 880 440 543 0
2100 1
1 0 0 440 75
1 0 75 440 75
1 0 150 440 75
1 0 225 440 75
1 0 300 440 75
1 0 375 440 75
1 0 450 440 75
2101
2 1 430 140 175000 -1550 75
1500 0
1502 480 167 1
1502 480 242 2
1502 480 317 3
1502 480 392 4
1502 480 467 5
1502 480 542 6
1502 480 617 7
1501
1503 0 -1 -1 -1 -1

@0x8205B9A4

@0x8205B9A8
1 65 880 1150 543
3100 -2
2100 0
100 240 80 410 1000 1000 -1
100 242 1020 410 1000 1000 -1
100 251 10 444 1000 1000 -1
100 251 42 444 1000 1000 -1
100 251 1110 444 1000 1000 -1
200 56 520 15 40 40 0 40 -1 0
200 122 580 15 120 40 0 40 -1 0
200 123 140 410 160 48 0 40 -1 0
200 124 850 410 160 48 0 40 -1 0
300 2 540 15 40 -1 1
300 1 500 15 40 -1 1
200 0 100 60 950 600 0 40 -1 1
600 100 103 950
600 100 163 950
600 100 223 950
600 100 283 950
600 100 343 950
600 100 403 950
2101

@0x8205BBC0
1 435 -113 780 88
2100 0
3100 -2
100 347 -370 -15 1000 1000 -1
100 240 26 7 1000 1000 -1
100 242 26 38 1000 1000 -1
200 64 85 23 200 40 0 40 -1 1
700 148 240 46 1000 1000 -1
707 0 2
707 0 4
200 125 275 23 360 48 0 40 -1 1
100 236 356 20 1000 1000 -1
200 158 410 23 360 48 0 40 -1 1
100 239 496 20 1000 1000 -1
200 159 550 23 320 40 0 40 -1 1
100 237 641 20 1000 1000 -1
200 53 695 23 320 40 0 40 -1 1
3100 0
200 196 -310 11 270 96 0 60 -1 1
3100 -2
2101
2 0 435 37 35000 -299 75
1 65 880 1150 90
2100 1
200 0 30 20 320 48 0 40 -1 1
100 272 1050 20 1000 1000 0
2101
2 1 65 140 175000 -1550 75
1 65 1030 1150 410
2100 2
3000 -1
1300 30 -48 334 0 1
1300 350 -48 254 0 0
1300 590 -48 174 0 0
3000 0
800 1090 30 350 0
2101
2 2 65 290 175000 -1550 75
110 234 1600 800 1000 1000 -1 2
110 234 1600 800 1000 1000 -1 2
110 234 1600 800 1000 1000 -1 2
1500 0
1502 105 335 1
1502 105 425 2
1502 105 515 3
1502 105 605 4
1501
1503 0 -1 -1 -1 -1

@0x8205BFD0
1000 0 0 0 0 0
1 435 -113 780 88
2100 0
100 347 -370 -15 1000 1000 -1
3000 10
700 148 2000 1000 1000 1000 -1
200 52 2000 1000 320 40 0 40 -1 1
100 236 151 24 899 899 -1
200 59 200 25 320 40 0 36 -1 1
100 239 294 24 899 899 -1
200 28 343 25 320 40 0 36 -1 1
100 237 641 24 899 899 -1
200 53 690 25 320 40 0 36 -1 1
200 188 -310 11 270 96 0 60 -1 1
3000 0
2101
2 0 435 37 35000 -299 75
9 0 740 128 128 0
2100 1
1 65 140 1150 86
2101
2100 2
200 22 25 19 322 48 0 41 -1 1
3000 1
100 185 295 11 1000 1000 -1
100 233 370 11 1000 1000 -1
100 186 445 11 1000 1000 -1
100 187 520 11 1000 1000 -1
100 188 595 11 1000 1000 -1
100 189 670 11 1000 1000 -1
100 190 745 11 1000 1000 -1
100 191 820 11 1000 1000 -1
100 192 895 11 1000 1000 -1
100 193 970 11 1000 1000 -1
100 194 1045 11 1000 1000 -1
3000 0
2101
2100 1
3000 -1
1 65 225 1150 383
4 3 -8432087 0
3000 0
1 65 611 1150 72
200 29 100 624 320 48 0 44 -1 1
200 51 2350 624 320 48 0 44 -1 1
200 47 470 624 320 48 0 44 -1 1
500 570 621 0 48 -1
200 48 850 624 320 48 0 44 -1 1
200 50 3160 624 320 48 0 44 -1 1
100 230 425 623 1000 1000 -1
100 230 800 623 1000 1000 -1
2101
2 1 0 0 175000 -1550 75
2100 2
110 291 263 -21 1000 1000 -1610612737 2
110 292 338 -21 1000 1000 -1610612737 2
110 293 413 -21 1000 1000 -1610612737 2
110 294 488 -21 1000 1000 -1610612737 2
110 296 563 -21 1000 1000 -1610612737 2
110 295 638 -21 1000 1000 -1610612737 2
110 297 713 -21 1000 1000 -1610612737 2
110 298 788 -21 1000 1000 -1610612737 2
110 299 863 -21 1000 1000 -1610612737 2
110 300 938 -21 1000 1000 -1610612737 2
110 301 1013 -21 1000 1000 -1610612737 2
2101
1500 0
1502 375 174 1
1502 450 174 12
1502 525 174 2
1502 600 174 5
1502 675 174 3
1502 750 174 4
1502 825 174 9
1502 900 174 10
1502 975 174 8
1502 1050 174 7
1502 1125 174 6
1501
1503 0 -1 -2 -2 -1
1503 1 -1 -1 -1 -1

@0x8205C71C

@0x8205C720
1000 0 0 0 0 0
1 435 -113 780 88
2100 0
100 347 -370 -15 1000 1000 -1
700 148 2000 1000 1000 1000 -1
3100 -2
200 125 2000 1000 360 48 0 40 -1 1
100 236 376 24 899 899 -1
200 60 422 25 360 48 0 36 -1 1
100 237 644 24 899 899 -1
200 53 690 25 320 40 0 36 -1 1
100 239 486 24 899 899 -1
200 66 532 25 360 48 0 36 -1 1
100 240 20 10 949 949 -1
100 242 20 40 949 949 -1
200 64 71 27 360 48 0 34 -1 1
3100 0
200 189 -310 11 270 96 0 60 -1 1
3100 -2
2101
2 0 435 37 35000 -299 75
1 65 925 1150 323
2100 1
3000 -1
1300 20 -48 94 336 1
1300 105 -48 94 335 0
1300 190 -48 94 333 0
1300 275 -48 94 339 0
1300 360 -48 94 338 0
1300 445 -48 94 337 0
1300 530 -48 94 334 0
3000 0
800 1105 30 263 0
600 30 79 485
600 580 79 485
600 30 136 485
600 580 136 485
600 30 193 485
600 580 193 485
600 30 250 485
600 580 250 485
2101
1 65 1253 1150 167
2100 2
200 0 35 25 1080 120 0 36 -1 1
2101
2 1 65 185 175000 -1550 75
2 2 65 513 175000 -1550 75
9 685 866 530 60 8
2100 3
200 0 20 8 600 40 0 40 -1 1
2101
2 3 685 126 175000 -1550 75
1500 0
1502 115 217 1
1502 665 217 2
1502 115 274 3
1502 665 274 4
1502 115 331 5
1502 665 331 6
1502 115 388 7
1502 665 388 8
1502 115 445 9
1502 665 445 10
1501
1503 0 -1 -1 -1 -1
1503 1 -1 -1 -1 -1

@0x8205CC78
3100 -2
3000 -1
9 65 880 1150 383 0
2100 0
1 0 0 1150 383
2101
4 1 -8432087 0
2 0 65 140 175000 -1550 75
3000 0
1 65 1270 1150 150
2100 2
200 0 35 6 1130 96 0 34 -1 1
200 0 35 36 1100 128 0 35 -1 1
2101
2 2 65 530 175000 -1550 75
1503 1 -1 -1 -1 -1
3100 0

@0x8205CDA8
3100 -2
9 0 0 380 290 8
2100 0
200 0 35 15 640 50 0 40 -1 1
200 0 35 60 640 50 0 40 -1 1
200 0 35 105 640 50 0 40 -1 1
200 0 35 150 640 50 0 40 -1 1
200 0 35 195 640 50 0 40 -1 1
200 0 35 240 640 50 0 40 -1 1
2101
3000 5
700 147 0 0 1000 1000 -1
3000 0
3100 0

@0x8205CF00
1 65 925 623 323
2100 0
600 30 79 545
600 30 136 545
600 30 193 545
600 30 250 545
800 585 30 263 1
2101
2 0 65 185 175000 -1550 75
9 685 925 530 323 1
2100 1
3000 5
9 0 0 533 323 3
120 0 30 -2 1000 1000 -1
3000 4
100 251 10 -20 1000 1000 -1
100 251 42 -20 1000 1000 -1
100 251 490 -20 1000 1000 -1
3000 0
800 490 90 203 1
2101
2 1 685 185 175000 -1550 75
1500 1
1502 115 217 1
1502 115 274 2
1502 115 331 3
1502 115 388 4
1502 115 445 5
1501
1503 1 -1 -1 2 -1
1500 2
1502 725 262 1
1502 725 322 2
1502 725 382 3
1502 725 442 4
1501
1503 2 -1 1 -1 -1

@0x8205D160
1 435 -113 780 88
2100 0
3100 -2
100 347 -370 -15 1000 1000 -1
100 240 36 10 949 949 -1
100 242 36 40 949 949 -1
200 87 91 25 200 40 0 36 -1 1
700 148 2400 43 1000 1000 -1
200 125 2430 23 200 40 0 40 -1 1
100 236 454 24 899 899 -1
200 25 503 25 160 40 0 36 -1 1
100 239 2000 24 899 899 -1
200 63 2000 25 160 40 0 36 -1 1
100 237 641 24 899 899 -1
200 53 690 25 160 40 0 36 -1 1
3100 0
200 191 -310 11 270 96 0 60 -1 1
3100 -2
2101
2 0 435 37 35000 -299 75
1 65 1270 1150 150
2100 1
200 0 35 17 1080 154 0 36 -1 1
2101
2 1 65 530 175000 -1550 75
3000 1
9 65 880 400 430 0
2100 2
200 51 790 65 480 48 0 38 -1 1
200 69 990 65 320 48 0 38 -1 1
200 55 790 120 48 48 0 38 -1 1
200 56 970 120 48 48 0 38 -1 1
200 57 790 185 120 48 0 38 -1 1
200 58 790 235 120 48 0 38 -1 1
200 71 790 285 120 48 0 38 -1 1
200 72 970 285 120 48 0 38 -1 1
200 73 790 330 120 48 0 38 -1 1
200 74 970 330 120 48 0 38 -1 1
600 790 115 320
600 790 225 320
600 790 275 320
600 790 325 140
600 970 325 140
600 790 370 140
600 970 370 140
600 790 180 320
100 146 850 160 949 850 -1
1100 1 850 160 949 850
100 126 25 115 800 800 -1
100 284 25 210 800 800 -1
100 286 25 250 800 800 -1
600 25 54 365
600 25 104 365
600 70 154 305
600 70 245 305
600 70 335 305
2101
2 2 65 140 175000 -1550 75
9 0 740 400 430 0
2100 3
200 82 855 160 480 48 0 46 -1 1
200 0 915 205 120 48 0 38 -1 0
200 0 1135 205 120 48 0 38 -1 0
200 0 915 260 180 48 0 38 -1 0
200 0 1060 262 120 48 0 36 -1 0
200 0 1015 325 240 48 0 38 -1 0
200 0 1015 375 240 48 0 38 -1 0
200 0 935 425 120 48 0 38 -1 0
200 0 1115 425 120 48 0 38 -1 0
200 0 935 470 120 48 0 38 -1 0
200 0 1115 470 120 48 0 38 -1 0
100 129 90 155 800 800 -1
100 127 90 205 800 800 -1
200 82 135 154 480 48 0 36 -1 1
200 82 135 204 480 48 0 36 -1 1
200 82 135 254 480 48 0 36 -1 1
200 82 135 299 480 48 0 36 -1 1
200 82 135 350 480 48 0 36 -1 1
200 82 135 390 480 48 0 36 -1 1
200 0 985 430 40 40 0 40 -1 1
200 0 1165 430 40 40 0 40 -1 1
200 0 985 475 40 40 0 40 -1 1
200 0 1165 475 40 40 0 40 -1 1
3000 0
100 196 475 60 920 920 -1
110 234 125 144 1000 1000 -1 2
100 285 90 440 800 800 -1
100 287 90 480 800 800 -1
200 82 135 440 480 48 0 36 -1 1
200 82 135 480 480 48 0 36 -1 1
3000 5
9 475 140 740 385 3
3000 -1
9 475 140 740 385 1
3000 -6
3000 -2
9 65 140 410 210 1
9 65 335 410 100 1
9 65 425 410 100 1
3000 2
9 65 140 410 210 3
3000 4
9 65 335 410 100 3
3000 6
9 65 425 410 100 3
3000 0
110 234 145 144 1000 1000 -1 2
110 234 435 144 1000 1000 -1 2
100 240 495 160 1000 1000 -1
100 242 1150 160 1000 1000 -1
100 129 90 297 800 800 0
3000 6
9 475 140 740 385 9
2101
2 3 0 0 175000 -1550 75
1500 0
1502 105 150 1
1502 105 200 1
1502 105 250 1
1502 105 300 1
1502 105 345 1
1502 105 385 1
1502 105 435 1
1502 105 475 1
1501
1503 0 -1 -1 -1 -1

@0x8205DDE8
1 415 140 440 390
1 852 140 363 390
800 821 185 290 0
1503 1 -1 -1 -1 -1
600 445 205 365
600 445 256 365
600 445 307 365
600 445 358 365
600 445 409 365
600 445 460 365
110 234 425 150 1000 1000 -1 2
110 234 445 150 1000 1000 -1 2
110 234 730 150 1000 1000 -1 2

@0x8205DF00
1 435 -113 780 88
3100 -2
2100 0
100 347 -370 -15 1000 1000 -1
700 148 313 45 899 899 -1
707 0 6
707 0 8
200 89 343 23 300 48 0 36 -1 1
100 237 641 24 899 899 -1
200 53 690 25 300 48 0 36 -1 1
3100 0
200 192 -310 21 270 96 0 41 -1 1
3100 -2
2101
2 0 435 37 35000 -299 75
1 65 880 1150 70
2100 1
3000 2
200 29 30 15 320 48 0 40 -1 1
200 97 340 15 120 48 0 40 -1 1
200 98 470 15 120 48 0 40 -1 1
200 99 600 15 120 48 0 40 -1 1
200 100 730 15 120 48 0 40 -1 1
200 101 860 15 120 48 0 40 -1 1
200 102 990 15 120 48 0 40 -1 1
3000 1
110 234 280 20 750 899 -1 2
104 3 -1 0
3000 0
601 320 10 51
601 450 10 51
601 580 10 51
601 710 10 51
601 840 10 51
601 970 10 51
2101
2 1 65 140 175000 -1550 75
9 65 955 128 128 0
2100 2
1 0 0 580 68
1 0 68 580 68
1 0 136 580 68
1 0 204 580 68
1 0 272 580 68
1 0 340 580 68
1 0 408 580 68
2101
3000 10
2100 3
200 90 25 6 555 50 0 32 -1 1
2101
2100 4
200 91 25 6 555 50 0 32 -1 1
2101
2100 5
200 92 25 6 555 50 0 32 -1 1
2101
2100 6
200 93 25 6 555 50 0 32 -1 1
2101
2100 7
200 96 25 6 555 50 0 32 -1 1
2101
2100 8
200 94 25 6 555 50 0 32 -1 1
2101
2100 9
200 95 25 6 555 50 0 32 -1 1
2101
2100 3
200 103 20 24 530 50 0 34 -1 1
2101
2100 4
200 104 20 24 530 50 0 34 -1 1
2101
2100 5
200 110 20 24 530 50 0 34 -1 1
2101
2100 6
200 113 20 24 530 50 0 34 -1 1
2101
2100 7
200 118 20 24 530 50 0 34 -1 1
2101
2100 8
200 116 20 24 530 50 0 34 -1 1
2101
2100 9
200 116 20 24 530 50 0 34 -1 1
2101
3000 0
2 2 65 215 175000 -1550 75
1 660 955 550 475
2100 10
100 240 30 420 949 949 -1
100 242 470 420 949 949 -1
200 123 80 426 300 50 0 34 -1 1
200 124 170 426 290 50 0 34 -1 1
200 0 290 11 64 48 0 40 -1 0
200 0 330 11 64 48 0 40 -1 0
200 56 310 11 64 48 0 40 -1 0
200 122 185 11 128 48 0 40 -1 1
200 0 28 54 494 800 0 36 -1 1
600 30 94 490
600 30 141 490
600 30 188 490
600 30 235 490
600 30 282 490
600 30 329 490
600 30 376 490
600 30 423 490
2101
2 10 660 215 175000 -1550 75
1500 0
1502 405 155 1
1502 535 155 2
1502 665 155 3
1502 795 155 4
1502 925 155 5
1502 1055 155 6
1503 0 -1 -1 -1 -1
1501

@0x8205E880
1 435 -113 780 88
2100 0
3100 -2
100 347 -370 -15 1000 1000 -1
700 148 2275 44 1000 1000 -1
200 125 2305 20 300 48 0 40 -1 1
700 148 2240 44 1000 1000 -1
707 1 6
707 1 8
200 129 2270 23 300 48 0 40 -1 1
100 237 331 24 899 899 -1
200 54 380 25 800 48 0 36 -1 1
3100 0
200 197 -310 11 270 96 0 60 -1 1
3100 -2
2101
2 0 435 37 35000 -299 75
1 65 880 1150 543
2100 1
110 234 500 12 1000 1000 -1 2
110 234 500 62 1000 1000 -1 2
200 40 120 25 400 48 0 40 -1 1
3000 1
200 130 490 25 300 48 0 40 -1 1
200 131 690 25 300 48 0 40 -1 1
3000 0
600 120 68 950
200 35 120 75 300 48 0 40 -1 1
3000 1
200 132 490 75 300 48 0 40 -1 1
200 133 690 75 300 48 0 40 -1 1
3000 0
600 120 118 950
200 37 120 135 300 48 0 40 -1 1
200 39 490 135 300 48 0 40 -1 1
600 450 178 620
200 144 490 185 300 48 0 40 -1 1
600 450 228 620
200 145 490 235 300 48 0 40 -1 1
600 120 278 950
3000 3
1200 750 133 100
300 0 1020 133 40 -1 3
1200 750 183 100
300 0 1020 183 40 -1 3
1200 750 233 100
300 0 1020 233 40 -1 3
3000 0
110 234 440 285 1000 1000 -1 2
200 42 120 335 300 48 0 40 -1 1
200 44 490 335 300 48 0 40 -1 1
200 43 690 335 300 48 0 40 -1 1
100 312 50 15 1000 1000 -1
100 318 50 65 1000 1000 -1
100 315 50 125 1000 1000 -1
2101
2 1 65 140 175000 -1550 75
2100 0
100 240 26 7 949 949 -1
100 242 26 38 949 949 -1
200 65 78 27 240 40 0 36 -1 1
2101
2100 1
100 242 1060 490 1000 1000 -1
200 124 620 490 430 50 0 40 -1 1
300 1 555 490 40 -1 1
300 2 595 490 40 -1 1
200 56 575 490 64 48 0 40 -1 0
200 122 440 490 128 48 0 40 -1 1
2101
2100 1
110 234 490 285 1000 1000 -1 2
200 201 120 285 300 48 0 40 -1 1
200 130 490 285 300 48 0 40 -1 1
200 131 690 285 300 48 0 40 -1 1
600 120 328 950
100 350 50 275 1000 1000 -1
2101
1500 0
1502 550 165 1
1502 550 215 2
1501
1503 0 -5 -1 -1 -5
1500 3
1502 550 275 1
1502 550 325 2
1502 550 375 3
1501
1503 3 0 -1 -1 2
1500 2
1502 550 430 5
1502 550 480 4
1501
1503 2 3 -1 -1 -1

@0x8205F108
1 65 140 1150 543
2100 0
3100 -2
110 234 550 202 1000 1000 -1 2
110 234 550 242 1000 1000 -1 2
110 234 550 282 1000 1000 -1 2
200 137 120 25 500 96 0 40 -1 1
3000 1
200 138 490 25 300 48 0 40 -1 1
200 141 720 25 300 48 0 40 -1 1
200 142 820 25 300 48 0 40 -1 1
200 143 920 25 300 48 0 40 -1 1
200 206 1020 25 300 48 0 40 -1 1
200 139 490 75 300 48 0 40 -1 1
200 141 720 75 300 48 0 40 -1 1
200 142 820 75 300 48 0 40 -1 1
200 143 920 75 300 48 0 40 -1 1
200 206 1020 75 300 48 0 40 -1 1
200 140 490 125 300 48 0 40 -1 1
200 141 720 125 300 48 0 40 -1 1
200 142 820 125 300 48 0 40 -1 1
200 143 920 125 300 48 0 40 -1 1
200 206 1020 125 300 48 0 40 -1 1
3000 0
100 313 50 15 1000 1000 -1
2101
2100 0
100 240 40 490 1000 1000 -1
200 123 95 490 400 50 0 40 -1 1
300 2 555 490 40 -1 1
300 2 595 490 40 -1 1
200 56 575 490 64 48 0 40 -1 0
200 122 440 490 128 48 0 40 -1 1
2101
1500 1
1502 550 165 4
1502 550 215 5
1502 550 265 6
1501
1503 1 -1 -1 -1 -1

@0x8205F570
1 435 -113 780 88
2100 0
3100 -2
100 347 -370 -15 1000 1000 -1
700 148 2420 44 1000 1000 -1
100 236 510 24 899 899 -1
100 237 645 24 899 899 -1
200 125 2455 20 320 40 0 36 -1 1
200 59 555 25 320 40 0 36 -1 1
200 53 690 25 320 40 0 36 -1 1
3100 0
200 200 -310 11 270 96 0 60 -1 1
3100 -2
2101
2 0 435 37 35000 -299 75
1 -675 140 400 215
2100 1
200 151 25 15 320 48 0 40 -1 1
200 152 25 60 320 48 0 40 -1 1
200 153 25 105 320 48 0 40 -1 1
200 154 25 150 320 48 0 40 -1 1
110 234 20 10 1000 1000 -1 2
2101
2 1 65 145 175000 -1550 75
1 65 1270 1150 150
2100 2
200 0 30 18 1090 144 0 40 -1 1
2101
2 2 65 530 175000 -1550 75
1 1205 470 345 60
2100 3
200 149 30 10 240 48 0 40 -1 1
300 11 220 10 40 -1 2
2101
2 3 465 470 175000 -1550 75
1 1555 470 400 60
2100 4
200 48 50 10 160 48 0 40 -1 1
300 11111111 158 8 40 -1 8
200 50 340 10 40 48 0 40 -1 1
2101
2 4 815 470 175000 -1550 75
1 1205 175 750 295
2100 5
800 700 40 235 0
3000 -1
1300 25 -48 94 340 1
1300 110 -48 94 336 0
1300 195 -48 94 333 0
1300 280 -48 94 339 0
1300 365 -48 94 338 0
3000 0
2101
2 5 465 175 175000 -1550 75
2100 0
100 241 2005 26 899 899 -1
100 243 2032 26 899 899 -1
200 46 2066 27 240 40 0 34 -1 1
100 240 20 10 949 949 -1
100 242 20 40 949 949 -1
200 64 69 27 540 40 0 34 -1 1
2101
1500 0
1502 105 155 1
1502 105 200 2
1502 105 245 3
1502 105 295 3
1501
1503 0 -2 -1 -1 -2
1500 1
1502 515 220 1
1502 515 285 2
1502 515 350 3
1502 515 415 4
1501
1503 1 -1 -1 -1 -1

@0x8205FBD0
9 365 180 128 128 0
2100 0
3100 -2
110 234 296 102 1000 1000 -1 2
1 0 0 550 200
3000 1
100 126 30 20 1000 1000 -1
200 0 80 20 480 40 0 40 -1 1
200 146 228 110 48 48 0 48 -1 1
300 0 270 110 48 -1 1
300 1 302 110 48 -1 1
100 266 285 72 1000 1000 -1
600 10 80 530
3000 0
1 0 200 550 80
200 156 200 220 96 48 0 40 -1 1
200 50 480 223 48 48 0 40 -1 1
300 97251623 300 220 40 -1 8
2101

@0x8205FD98
9 365 300 480 180 8
3100 -2
2100 0
200 176 20 10 1024 48 0 40 -1 1
200 178 40 70 320 48 0 40 -1 1
200 179 40 120 320 48 0 40 -1 1
2101
1500 2
1502 410 370 1
1502 410 420 2
1501
1503 2 -1 -1 -1 -1

@0x8205FE88
3100 -2
9 365 300 480 70 8
2100 0
200 0 20 15 1024 96 0 40 -1 1
2101

@0x8205FEE0
9 65 245 400 415 0
2100 0
1 0 0 400 285
200 1 0 130 400 48 0 44 -1 1
200 82 110 185 60 48 0 40 -1 0
200 82 290 185 60 48 0 40 -1 0
200 82 110 230 60 48 0 40 -1 0
200 82 290 230 60 48 0 40 -1 0
200 0 165 190 40 40 0 40 -1 1
200 0 345 190 40 40 0 40 -1 1
200 0 165 235 40 40 0 40 -1 1
200 0 345 235 40 40 0 40 -1 1
3000 0
100 343 14 5 800 800 0
100 343 84 5 800 800 0
100 343 154 5 800 800 0
100 343 224 5 800 800 0
100 343 294 5 800 800 0
100 343 14 63 800 800 0
100 343 84 63 800 800 0
100 343 154 63 800 800 0
100 343 224 63 800 800 0
100 343 294 63 800 800 0
100 342 55 120 1000 1000 -1
100 342 280 120 1000 1000 -1
3000 1
100 344 0 1110 800 800 -1
3000 2
100 254 0 1110 800 800 -1
100 255 0 1110 800 800 -1
100 256 0 1110 800 800 -1
100 257 0 1110 800 800 -1
100 258 0 1110 800 800 -1
100 259 0 1110 800 800 -1
100 260 0 1110 800 800 -1
100 261 0 1110 800 800 -1
100 262 0 1110 800 800 -1
100 263 0 1110 800 800 -1
3000 0
200 71 30 185 120 48 0 40 -1 1
200 72 210 185 120 48 0 40 -1 1
200 73 30 230 120 48 0 40 -1 1
200 74 210 230 120 48 0 40 -1 1
100 241 15 130 1000 1000 -1
100 243 336 130 1000 1000 -1
600 10 180 380
600 30 225 140
600 210 225 140
600 30 270 140
600 210 270 140
3000 3
100 349 49 41 500 500 -1
100 349 119 41 500 500 -1
100 349 189 41 500 500 -1
100 349 259 41 500 500 -1
100 349 329 41 500 500 -1
100 349 49 99 500 500 -1
100 349 119 99 500 500 -1
100 349 189 99 500 500 -1
100 349 259 99 500 500 -1
100 349 329 99 500 500 -1
3000 0
2101

@0x82060578
1 435 -113 780 88
2100 0
3100 -2
100 347 -370 -15 1000 1000 -1
700 148 2380 43 1000 1000 -1
707 0 2
707 0 4
200 125 2410 25 300 48 0 40 -1 1
100 236 496 24 899 899 -1
200 127 545 25 300 48 0 36 -1 1
100 237 641 24 899 899 -1
200 53 690 25 300 48 0 36 -1 1
100 239 20 24 899 899 -1
200 169 69 25 800 48 0 36 -1 1
3100 0
200 195 -320 21 290 96 0 38 -1 1
3100 -2
2101
2 0 435 37 35000 -299 75
9 430 880 440 543 0
2100 1
1 0 0 440 75
1 0 75 440 75
1 0 150 440 75
1 0 225 440 75
1 0 300 440 75
1 0 375 440 75
1 0 450 440 75
2101
2 1 430 140 175000 -1550 75
1500 0
1502 480 167 1
1502 480 242 2
1502 480 317 3
1502 480 392 4
1502 480 467 5
1502 480 542 6
1502 480 617 7
1501
1503 0 -1 -1 -1 -1
3100 0

@0x820608A8
1 65 880 1150 543
3100 -2
2100 0
100 240 80 410 1000 1000 -1
100 242 1020 410 1000 1000 -1
100 251 10 444 1000 1000 -1
100 251 42 444 1000 1000 -1
100 251 1110 444 1000 1000 -1
200 56 600 15 40 40 0 40 -1 0
200 122 470 15 120 40 0 40 -1 1
200 123 140 410 320 48 0 40 -1 1
200 124 610 410 400 48 0 40 -1 1
300 2 620 15 40 -1 1
300 1 580 15 40 -1 1
200 0 100 60 950 600 0 38 -1 1
600 100 103 950
600 100 151 950
600 100 199 950
600 100 247 950
600 100 295 950
600 100 343 950
600 100 391 950
2101

@0x82060AD0
1 435 -113 780 88
2100 0
3100 -2
100 347 -370 -15 1000 1000 -1
100 240 26 10 949 949 -1
100 242 26 40 949 949 -1
200 64 81 27 200 40 0 36 -1 1
700 148 2240 46 1000 1000 -1
200 125 2275 25 360 48 0 36 -1 1
100 236 330 24 899 899 -1
200 158 379 25 360 48 0 36 -1 1
100 239 486 24 899 899 -1
200 159 535 25 320 40 0 36 -1 1
100 237 641 24 899 899 -1
200 53 690 25 320 40 0 36 -1 1
3100 0
200 196 -310 11 270 96 0 60 -1 1
3100 -2
2101
2 0 435 37 35000 -299 75
1 65 880 1150 90
2100 1
200 0 30 20 320 48 0 40 -1 1
100 272 1050 20 1000 1000 0
2101
2 1 65 140 175000 -1550 75
1 65 1030 1150 410
2100 2
3000 -1
1300 30 -48 334 0 1
1300 350 -48 254 0 0
1300 590 -48 174 0 0
3000 0
800 1090 30 350 0
2101
2 2 65 290 175000 -1550 75
110 234 1600 800 1000 1000 -1 2
110 234 1600 800 1000 1000 -1 2
110 234 1600 800 1000 1000 -1 2
1500 0
1502 105 335 1
1502 105 425 2
1502 105 515 3
1502 105 605 4
1501
1503 0 -1 -1 -1 -1

@0x82060EC8
1000 0 0 0 0 0
1 435 -113 780 88
2100 0
100 347 -370 -15 1000 1000 -1
3000 10
700 148 2000 1000 1000 1000 -1
200 52 2000 1000 320 40 0 40 -1 1
100 236 76 20 1000 1000 -1
200 59 130 20 320 40 0 40 -1 1
100 239 280 20 1000 1000 -1
200 28 334 20 320 40 0 40 -1 1
100 237 621 20 1000 1000 -1
200 53 675 20 320 40 0 40 -1 1
200 188 -310 11 270 96 0 60 -1 1
3000 0
2101
2 0 435 37 35000 -299 75
9 0 740 128 128 0
2100 1
1 65 140 1150 86
2101
2100 2
200 22 35 17 320 48 0 48 -1 1
3000 1
100 185 295 11 1000 1000 -1
100 233 370 11 1000 1000 -1
100 186 445 11 1000 1000 -1
100 187 520 11 1000 1000 -1
100 188 595 11 1000 1000 -1
100 189 670 11 1000 1000 -1
100 190 745 11 1000 1000 -1
100 191 820 11 1000 1000 -1
100 192 895 11 1000 1000 -1
100 193 970 11 1000 1000 -1
100 194 1045 11 1000 1000 -1
3000 0
2101
2100 1
3000 -1
1 65 225 1150 383
4 3 -8432087 0
3000 0
1 65 611 1150 72
200 29 130 621 320 48 0 48 -1 1
200 51 2350 621 320 48 0 48 -1 1
200 47 485 621 320 48 0 48 -1 1
500 570 621 0 48 -1
200 48 850 621 320 48 0 48 -1 1
200 50 3160 621 320 48 0 48 -1 1
100 230 440 623 1000 1000 -1
100 230 800 623 1000 1000 -1
2101
2 1 0 0 175000 -1550 75
2100 2
110 291 263 -21 1000 1000 -1610612737 2
110 292 338 -21 1000 1000 -1610612737 2
110 293 413 -21 1000 1000 -1610612737 2
110 294 488 -21 1000 1000 -1610612737 2
110 296 563 -21 1000 1000 -1610612737 2
110 295 638 -21 1000 1000 -1610612737 2
110 297 713 -21 1000 1000 -1610612737 2
110 298 788 -21 1000 1000 -1610612737 2
110 299 863 -21 1000 1000 -1610612737 2
110 300 938 -21 1000 1000 -1610612737 2
110 301 1013 -21 1000 1000 -1610612737 2
2101
1500 0
1502 375 174 1
1502 450 174 12
1502 525 174 2
1502 600 174 5
1502 675 174 3
1502 750 174 4
1502 825 174 9
1502 900 174 10
1502 975 174 8
1502 1050 174 7
1502 1125 174 6
1501
1503 0 -1 -2 -2 -1
1503 1 -1 -1 -1 -1

@0x82061618
1000 0 0 0 0 0
1 435 -113 780 88
2100 0
100 347 -370 -15 1000 1000 -1
700 148 2000 1000 1000 1000 -1
3100 -2
200 125 2000 1000 360 48 0 40 -1 1
100 236 371 20 1000 1000 -1
200 60 422 23 360 48 0 40 -1 1
100 237 621 20 1000 1000 -1
200 53 675 23 320 40 0 40 -1 1
100 239 491 20 1000 1000 -1
200 66 545 23 360 48 0 40 -1 1
100 240 20 7 1000 1000 -1
100 242 20 40 1000 1000 -1
200 64 75 23 360 48 0 40 -1 1
3100 0
200 189 -310 11 270 96 0 60 -1 1
3100 -2
2101
2 0 435 37 35000 -299 75
1 65 925 1150 323
2100 1
3000 -1
1300 20 -48 94 336 1
1300 105 -48 94 335 0
1300 190 -48 94 333 0
1300 275 -48 94 339 0
1300 360 -48 94 338 0
1300 445 -48 94 337 0
1300 530 -48 94 334 0
3000 0
800 1105 30 263 0
600 30 79 485
600 580 79 485
600 30 136 485
600 580 136 485
600 30 193 485
600 580 193 485
600 30 250 485
600 580 250 485
2101
1 65 1253 1150 167
2100 2
200 0 35 25 1080 120 0 40 -1 1
2101
2 1 65 185 175000 -1550 75
2 2 65 513 175000 -1550 75
9 685 866 530 60 8
2100 3
200 0 20 8 600 40 0 40 -1 1
2101
2 3 685 126 175000 -1550 75
1500 0
1502 115 217 1
1502 665 217 2
1502 115 274 3
1502 665 274 4
1502 115 331 5
1502 665 331 6
1502 115 388 7
1502 665 388 8
1502 115 445 9
1502 665 445 10
1501
1503 0 -1 -1 -1 -1
1503 1 -1 -1 -1 -1

@0x82061B70
3100 -2
3000 -1
9 65 880 1150 383 0
2100 0
1 0 0 1150 383
2101
4 1 -8432087 0
2 0 65 140 175000 -1550 75
3000 0
1 65 1270 1150 150
2100 2
200 0 35 13 1130 96 0 40 -1 1
200 0 35 58 1130 96 0 40 -1 1
2101
2 2 65 530 175000 -1550 75
1503 1 -1 -1 -1 -1
3100 0

@0x82061CA0
3100 -2
9 0 0 380 290 8
2100 0
200 0 35 15 640 50 0 40 -1 1
200 0 35 60 640 50 0 40 -1 1
200 0 35 105 640 50 0 40 -1 1
200 0 35 150 640 50 0 40 -1 1
200 0 35 195 640 50 0 40 -1 1
200 0 35 240 640 50 0 40 -1 1
2101
3000 5
700 147 0 0 1000 1000 -1
3000 0
3100 0

@0x82061DF8
1 65 925 623 323
2100 0
600 30 79 545
600 30 136 545
600 30 193 545
600 30 250 545
800 585 30 263 1
2101
2 0 65 185 175000 -1550 75
9 685 925 530 323 1
2100 1
3000 5
9 0 0 533 323 3
120 0 30 -2 1000 1000 -1
3000 4
100 251 10 -20 1000 1000 -1
100 251 42 -20 1000 1000 -1
100 251 490 -20 1000 1000 -1
3000 0
800 490 90 203 1
2101
2 1 685 185 175000 -1550 75
1500 1
1502 115 217 1
1502 115 274 2
1502 115 331 3
1502 115 388 4
1502 115 445 5
1501
1503 1 -1 -1 2 -1
1500 2
1502 725 262 1
1502 725 322 2
1502 725 382 3
1502 725 442 4
1501
1503 2 -1 1 -1 -1

@0x82062058
1 435 -113 780 88
2100 0
3100 -2
100 347 -370 -15 1000 1000 -1
100 240 36 7 1000 1000 -1
100 242 36 38 1000 1000 -1
200 87 95 23 200 40 0 40 -1 1
700 148 2400 43 1000 1000 -1
200 125 2430 23 200 40 0 40 -1 1
100 236 394 19 1000 1000 -1
200 25 450 23 160 40 0 40 -1 1
100 239 2000 19 1000 1000 -1
200 63 2000 23 160 40 0 40 -1 1
100 237 621 19 1000 1000 -1
200 53 675 23 160 40 0 40 -1 1
3100 0
200 191 -310 11 270 96 0 60 -1 1
3100 -2
2101
2 0 435 37 35000 -299 75
1 65 1270 1150 150
2100 1
200 0 35 17 1080 154 0 40 -1 1
2101
2 1 65 530 175000 -1550 75
3000 1
9 65 880 400 430 0
2100 2
200 51 790 65 480 48 0 38 -1 1
200 69 990 65 320 48 0 38 -1 1
200 55 790 120 48 48 0 38 -1 1
200 56 970 120 48 48 0 38 -1 1
200 57 790 185 120 48 0 38 -1 1
200 58 790 235 120 48 0 38 -1 1
200 71 790 285 120 48 0 38 -1 1
200 72 970 285 120 48 0 38 -1 1
200 73 790 330 120 48 0 38 -1 1
200 74 970 330 120 48 0 38 -1 1
600 790 115 320
600 790 225 320
600 790 275 320
600 790 325 140
600 970 325 140
600 790 370 140
600 970 370 140
600 790 180 320
100 146 850 160 949 850 -1
1100 1 850 160 949 850
100 126 25 115 800 800 -1
100 284 25 210 800 800 -1
100 286 25 250 800 800 -1
600 25 54 365
600 25 104 365
600 70 154 305
600 70 245 305
600 70 335 305
2101
2 2 65 140 175000 -1550 75
9 0 740 400 430 0
2100 3
200 82 855 160 480 48 0 46 -1 1
200 0 915 205 120 48 0 38 -1 0
200 0 1135 205 120 48 0 38 -1 0
200 0 910 260 180 48 0 38 -1 0
200 0 1060 262 120 48 0 36 -1 0
200 0 1015 325 240 48 0 38 -1 0
200 0 1015 375 240 48 0 38 -1 0
200 0 935 425 120 48 0 38 -1 0
200 0 1115 425 120 48 0 38 -1 0
200 0 935 470 120 48 0 38 -1 0
200 0 1115 470 120 48 0 38 -1 0
100 129 90 155 800 800 -1
100 127 90 205 800 800 -1
200 82 135 154 480 48 0 36 -1 1
200 82 135 204 480 48 0 36 -1 1
200 82 135 254 480 48 0 36 -1 1
200 82 135 299 480 48 0 36 -1 1
200 82 135 350 480 48 0 36 -1 1
200 82 135 390 480 48 0 36 -1 1
200 0 985 430 40 40 0 40 -1 1
200 0 1165 430 40 40 0 40 -1 1
200 0 985 475 40 40 0 40 -1 1
200 0 1165 475 40 40 0 40 -1 1
3000 0
100 196 475 60 920 920 -1
110 234 125 144 1000 1000 -1 2
100 285 90 440 800 800 -1
100 287 90 480 800 800 -1
200 82 135 440 480 48 0 36 -1 1
200 82 135 480 480 48 0 36 -1 1
3000 5
9 475 140 740 385 3
3000 -1
9 475 140 740 385 1
3000 -6
3000 -2
9 65 140 410 210 1
9 65 335 410 100 1
9 65 425 410 100 1
3000 2
9 65 140 410 210 3
3000 4
9 65 335 410 100 3
3000 6
9 65 425 410 100 3
3000 0
110 234 145 144 1000 1000 -1 2
110 234 435 144 1000 1000 -1 2
100 240 495 160 1000 1000 -1
100 242 1150 160 1000 1000 -1
100 129 90 297 800 800 0
3000 6
9 475 140 740 385 9
2101
2 3 0 0 175000 -1550 75
1500 0
1502 105 150 1
1502 105 200 1
1502 105 250 1
1502 105 300 1
1502 105 345 1
1502 105 385 1
1502 105 435 1
1502 105 475 1
1501
1503 0 -1 -1 -1 -1

@0x82062CE0
1 415 140 440 390
1 852 140 363 390
800 821 185 290 0
1503 1 -1 -1 -1 -1
600 445 205 365
600 445 256 365
600 445 307 365
600 445 358 365
600 445 409 365
600 445 460 365
110 234 425 150 1000 1000 -1 2
110 234 445 150 1000 1000 -1 2
110 234 730 150 1000 1000 -1 2

@0x82062DF8
1 435 -113 780 88
3100 -2
2100 0
100 347 -370 -15 1000 1000 -1
700 148 315 47 1000 1000 -1
707 0 6
707 0 8
200 89 345 23 300 48 0 40 -1 1
100 237 621 21 1000 1000 -1
200 53 675 23 300 48 0 40 -1 1
3100 0
200 192 -330 11 270 96 0 50 -1 1
3100 -2
2101
2 0 435 37 35000 -299 75
1 65 880 1150 70
2100 1
3000 2
200 29 30 15 320 48 0 40 -1 1
200 97 300 15 120 48 0 40 -1 0
200 98 430 15 120 48 0 40 -1 0
200 99 560 15 120 48 0 40 -1 0
200 100 690 15 120 48 0 40 -1 0
200 101 820 15 120 48 0 40 -1 0
200 102 950 15 120 48 0 40 -1 0
3000 1
110 234 280 20 750 899 -1 2
104 3 -1 0
3000 0
601 280 10 51
601 410 10 51
601 540 10 51
601 670 10 51
601 800 10 51
601 930 10 51
2101
2 1 65 140 175000 -1550 75
9 65 955 128 128 0
2100 2
1 0 0 580 68
1 0 68 580 68
1 0 136 580 68
1 0 204 580 68
1 0 272 580 68
1 0 340 580 68
1 0 408 580 68
2101
3000 10
2100 3
200 90 20 15 555 50 0 36 -1 1
2101
2100 4
200 91 20 15 555 50 0 36 -1 1
2101
2100 5
200 92 20 15 555 50 0 36 -1 1
2101
2100 6
200 93 20 15 555 50 0 36 -1 1
2101
2100 7
200 96 20 15 555 50 0 36 -1 1
2101
2100 8
200 94 20 15 555 50 0 36 -1 1
2101
2100 9
200 95 20 15 555 50 0 36 -1 1
2101
2100 3
200 103 20 15 535 50 0 36 -1 1
2101
2100 4
200 104 20 15 535 50 0 36 -1 1
2101
2100 5
200 110 20 15 535 50 0 36 -1 1
2101
2100 6
200 113 20 15 535 50 0 36 -1 1
2101
2100 7
200 118 20 15 535 50 0 36 -1 1
2101
2100 8
200 116 20 15 535 50 0 36 -1 1
2101
2100 9
200 116 20 15 535 50 0 36 -1 1
2101
3000 0
2 2 65 215 175000 -1550 75
1 660 955 550 475
2100 10
100 240 30 417 949 949 -1
100 242 470 417 1000 1000 -1
200 123 80 420 300 50 0 38 -1 1
200 124 170 420 290 50 0 38 -1 1
200 0 280 15 64 48 0 40 -1 0
200 0 320 15 64 48 0 40 -1 0
200 56 300 15 64 48 0 40 -1 0
200 122 200 15 128 48 0 40 -1 1
200 0 28 60 494 800 0 38 -1 1
600 30 100 490
600 30 151 490
600 30 202 490
600 30 253 490
600 30 304 490
600 30 355 490
600 30 406 490
2101
2 10 660 215 175000 -1550 75
1500 0
1502 365 155 1
1502 495 155 2
1502 625 155 3
1502 755 155 4
1502 885 155 5
1502 1015 155 6
1503 0 -1 -1 -1 -1
1501

@0x82063768
1 435 -113 780 88
2100 0
3100 -2
100 347 -370 -15 1000 1000 -1
700 148 2275 44 1000 1000 -1
200 125 2305 20 300 48 0 40 -1 1
700 148 2240 44 1000 1000 -1
707 1 6
707 1 8
200 129 2270 23 300 48 0 40 -1 1
100 237 395 20 1000 1000 -1
200 54 450 23 800 48 0 40 -1 1
3100 0
200 197 -310 11 270 96 0 60 -1 1
3100 -2
2101
2 0 435 37 35000 -299 75
1 65 880 1150 543
2100 1
110 234 450 12 1000 1000 -1 2
110 234 450 62 1000 1000 -1 2
200 40 120 25 400 48 0 40 -1 1
3000 1
200 130 440 25 300 48 0 40 -1 1
200 131 640 25 300 48 0 40 -1 1
3000 0
600 120 68 900
200 35 120 75 300 48 0 40 -1 1
3000 1
200 132 440 75 300 48 0 40 -1 1
200 133 640 75 300 48 0 40 -1 1
3000 0
600 120 118 900
200 37 120 135 300 48 0 40 -1 1
200 39 440 135 300 48 0 40 -1 1
600 350 178 670
200 144 440 185 300 48 0 40 -1 1
600 350 228 670
200 145 440 235 300 48 0 40 -1 1
600 120 278 900
3000 3
1200 650 133 100
300 0 920 133 40 -1 3
1200 650 183 100
300 0 920 183 40 -1 3
1200 650 233 100
300 0 920 233 40 -1 3
3000 0
110 234 440 285 1000 1000 -1 2
200 42 120 335 300 48 0 40 -1 1
200 44 440 335 300 48 0 40 -1 1
200 43 640 335 300 48 0 40 -1 1
100 312 50 15 1000 1000 -1
100 318 50 65 1000 1000 -1
100 315 50 125 1000 1000 -1
2101
2 1 65 140 175000 -1550 75
2100 0
100 240 26 7 1000 1000 -1
100 242 26 38 1000 1000 -1
200 65 80 23 240 40 0 40 -1 1
2101
2100 1
100 242 1060 490 1000 1000 -1
200 124 620 490 430 50 0 40 -1 1
300 1 555 490 40 -1 1
300 2 595 490 40 -1 1
200 56 575 490 64 48 0 40 -1 0
200 122 480 490 128 48 0 40 -1 1
2101
2100 1
110 234 440 285 1000 1000 -1 2
200 201 120 285 300 48 0 40 -1 1
200 130 440 285 300 48 0 40 -1 1
200 131 640 285 300 48 0 40 -1 1
600 120 328 900
100 350 50 275 1000 1000 -1
2101
1500 0
1502 500 165 1
1502 500 215 2
1501
1503 0 -5 -1 -1 -5
1500 3
1502 500 275 1
1502 500 325 2
1502 500 375 3
1501
1503 3 0 -1 -1 2
1500 2
1502 500 430 5
1502 500 480 4
1501
1503 2 3 -1 -1 -1

@0x82063FD8
1 65 140 1150 543
2100 0
3100 -2
110 234 500 202 1000 1000 -1 2
110 234 500 242 1000 1000 -1 2
110 234 500 282 1000 1000 -1 2
200 137 120 25 300 96 0 40 -1 1
3000 1
200 138 440 25 300 48 0 40 -1 1
200 141 670 25 300 48 0 40 -1 1
200 142 770 25 300 48 0 40 -1 1
200 143 870 25 300 48 0 40 -1 1
200 206 970 25 300 48 0 40 -1 1
200 139 440 75 300 48 0 40 -1 1
200 141 670 75 300 48 0 40 -1 1
200 142 770 75 300 48 0 40 -1 1
200 143 870 75 300 48 0 40 -1 1
200 206 970 75 300 48 0 40 -1 1
200 140 440 125 300 48 0 40 -1 1
200 141 670 125 300 48 0 40 -1 1
200 142 770 125 300 48 0 40 -1 1
200 143 870 125 300 48 0 40 -1 1
200 206 970 125 300 48 0 40 -1 1
3000 0
100 313 50 15 1000 1000 -1
2101
2100 0
100 240 40 490 1000 1000 -1
200 123 95 490 400 50 0 40 -1 1
300 2 555 490 40 -1 1
300 2 595 490 40 -1 1
200 56 575 490 64 48 0 40 -1 0
200 122 480 490 128 48 0 40 -1 1
2101
1500 1
1502 500 165 4
1502 500 215 5
1502 500 265 6
1501
1503 1 -1 -1 -1 -1

@0x82064440
1 435 -113 780 88
2100 0
3100 -2
100 347 -370 -15 1000 1000 -1
700 148 2420 44 1000 1000 -1
100 236 440 20 1000 1000 -1
100 237 630 20 1000 1000 -1
200 125 2455 20 320 40 0 40 -1 1
200 59 490 20 320 40 0 40 -1 1
200 53 680 20 320 40 0 40 -1 1
3100 0
200 200 -310 11 270 96 0 60 -1 1
3100 -2
2101
2 0 435 37 35000 -299 75
1 -675 140 400 215
2100 1
200 151 25 15 320 48 0 40 -1 1
200 152 25 60 320 48 0 40 -1 1
200 153 25 105 320 48 0 40 -1 1
200 154 25 150 320 48 0 40 -1 1
110 234 20 10 1000 1000 -1 2
2101
2 1 65 145 175000 -1550 75
1 65 1270 1150 150
2100 2
200 0 30 18 1090 144 0 40 -1 1
2101
2 2 65 530 175000 -1550 75
1 1205 470 345 60
2100 3
200 149 30 10 240 48 0 40 -1 1
300 11 220 10 40 -1 2
2101
2 3 465 470 175000 -1550 75
1 1555 470 400 60
2100 4
200 48 50 10 160 48 0 40 -1 1
300 11111111 158 10 40 -1 8
200 50 340 10 40 48 0 40 -1 1
2101
2 4 815 470 175000 -1550 75
1 1205 175 750 295
2100 5
800 700 40 235 0
3000 -1
1300 25 -48 94 340 1
1300 110 -48 94 336 0
1300 195 -48 94 333 0
1300 280 -48 94 339 0
1300 365 -48 94 338 0
3000 0
2101
2 5 465 175 175000 -1550 75
2100 0
100 241 15 20 1000 1000 -1
100 243 45 20 1000 1000 -1
200 46 85 23 240 40 0 40 -1 1
100 240 191 7 1000 1000 -1
100 242 191 38 1000 1000 -1
200 64 245 23 240 40 0 40 -1 1
2101
1500 0
1502 105 155 1
1502 105 200 2
1502 105 245 3
1502 105 295 3
1501
1503 0 -2 -1 -1 -2
1500 1
1502 515 220 1
1502 515 285 2
1502 515 350 3
1502 515 415 4
1501
1503 1 -1 -1 -1 -1

@0x82064AA0
9 365 180 128 128 0
2100 0
3100 -2
110 234 296 102 1000 1000 -1 2
1 0 0 550 200
3000 1
100 126 30 20 1000 1000 -1
200 0 80 20 480 40 0 40 -1 1
200 146 228 110 48 48 0 48 -1 1
300 0 270 110 48 -1 1
300 1 302 110 48 -1 1
100 266 285 72 1000 1000 -1
600 10 80 530
3000 0
1 0 200 550 80
200 156 200 220 96 48 0 40 -1 1
200 50 480 223 48 48 0 40 -1 1
300 97251623 300 220 40 -1 8
2101

@0x82064C68
9 365 300 480 180 8
3100 -2
2100 0
200 176 20 10 1024 48 0 40 -1 1
200 178 40 70 320 48 0 40 -1 1
200 179 40 120 320 48 0 40 -1 1
2101
1500 2
1502 410 370 1
1502 410 420 2
1501
1503 2 -1 -1 -1 -1

@0x82064D58
3100 -2
9 365 300 480 70 8
2100 0
200 0 20 15 1024 96 0 40 -1 1
2101

@0x82064DB0
9 65 245 400 415 0
2100 0
1 0 0 400 285
200 1 0 130 400 48 0 44 -1 1
200 82 110 185 60 48 0 40 -1 0
200 82 290 185 60 48 0 40 -1 0
200 82 110 230 60 48 0 40 -1 0
200 82 290 230 60 48 0 40 -1 0
200 0 165 190 40 40 0 40 -1 1
200 0 345 190 40 40 0 40 -1 1
200 0 165 235 40 40 0 40 -1 1
200 0 345 235 40 40 0 40 -1 1
3000 0
100 343 14 5 800 800 0
100 343 84 5 800 800 0
100 343 154 5 800 800 0
100 343 224 5 800 800 0
100 343 294 5 800 800 0
100 343 14 63 800 800 0
100 343 84 63 800 800 0
100 343 154 63 800 800 0
100 343 224 63 800 800 0
100 343 294 63 800 800 0
100 342 55 120 1000 1000 -1
100 342 280 120 1000 1000 -1
3000 1
100 344 0 1110 800 800 -1
3000 2
100 254 0 1110 800 800 -1
100 255 0 1110 800 800 -1
100 256 0 1110 800 800 -1
100 257 0 1110 800 800 -1
100 258 0 1110 800 800 -1
100 259 0 1110 800 800 -1
100 260 0 1110 800 800 -1
100 261 0 1110 800 800 -1
100 262 0 1110 800 800 -1
100 263 0 1110 800 800 -1
3000 0
200 71 30 185 120 48 0 40 -1 1
200 72 210 185 120 48 0 40 -1 1
200 73 30 230 120 48 0 40 -1 1
200 74 210 230 120 48 0 40 -1 1
100 241 15 130 1000 1000 -1
100 243 336 130 1000 1000 -1
600 10 180 380
600 30 225 140
600 210 225 140
600 30 270 140
600 210 270 140
3000 3
100 349 49 41 500 500 -1
100 349 119 41 500 500 -1
100 349 189 41 500 500 -1
100 349 259 41 500 500 -1
100 349 329 41 500 500 -1
100 349 49 99 500 500 -1
100 349 119 99 500 500 -1
100 349 189 99 500 500 -1
100 349 259 99 500 500 -1
100 349 329 99 500 500 -1
3000 0
2101

@0x82065448
1 435 -113 780 88
2100 0
3100 -2
100 347 -370 -15 1000 1000 -1
700 148 2380 43 1000 1000 -1
707 0 2
707 0 4
200 125 2410 23 300 48 0 40 -1 1
100 236 471 19 1000 1000 -1
200 127 525 23 300 48 0 40 -1 1
100 237 621 19 1000 1000 -1
200 53 675 23 300 48 0 40 -1 1
100 239 20 19 1000 1000 -1
200 169 74 23 300 48 0 40 -1 1
3100 0
200 195 -310 11 270 96 0 60 -1 1
3100 -2
2101
2 0 435 37 35000 -299 75
9 430 880 440 543 0
2100 1
1 0 0 440 75
1 0 75 440 75
1 0 150 440 75
1 0 225 440 75
1 0 300 440 75
1 0 375 440 75
1 0 450 440 75
2101
2 1 430 140 175000 -1550 75
1500 0
1502 480 167 1
1502 480 242 2
1502 480 317 3
1502 480 392 4
1502 480 467 5
1502 480 542 6
1502 480 617 7
1501
1503 0 -1 -1 -1 -1

@0x82065770
1 65 880 1150 543
3100 -2
2100 0
100 240 80 410 1000 1000 -1
100 242 1020 410 1000 1000 -1
100 251 10 444 1000 1000 -1
100 251 42 444 1000 1000 -1
100 251 1110 444 1000 1000 -1
200 56 590 15 40 40 0 40 -1 0
200 122 490 15 120 40 0 40 -1 1
200 123 140 410 160 48 0 40 -1 1
200 124 610 410 400 48 0 40 -1 1
300 2 610 15 40 -1 1
300 1 570 15 40 -1 1
200 0 100 60 950 600 0 38 -1 1
600 100 103 950
600 100 151 950
600 100 199 950
600 100 247 950
600 100 295 950
600 100 343 950
600 100 391 950
2101

@0x82065998
1 435 -113 780 88
2100 0
3100 -2
100 347 -370 -15 1000 1000 -1
100 240 26 7 1000 1000 -1
100 242 26 38 1000 1000 -1
200 64 85 23 200 40 0 40 -1 1
700 148 2240 46 1000 1000 -1
200 125 2275 23 360 48 0 40 -1 1
100 236 291 20 1000 1000 -1
200 158 345 23 360 48 0 40 -1 1
100 239 486 20 1000 1000 -1
200 159 540 23 320 40 0 40 -1 1
100 237 621 20 1000 1000 -1
200 53 675 23 320 40 0 40 -1 1
3100 0
200 196 -310 11 270 96 0 60 -1 1
3100 -2
2101
2 0 435 37 35000 -299 75
1 65 880 1150 90
2100 1
200 0 30 20 320 48 0 40 -1 1
100 272 1050 20 1000 1000 0
2101
2 1 65 140 175000 -1550 75
1 65 1030 1150 410
2100 2
3000 -1
1300 30 -48 334 0 1
1300 350 -48 254 0 0
1300 590 -48 174 0 0
3000 0
800 1090 30 350 0
2101
2 2 65 290 175000 -1550 75
110 234 1600 800 1000 1000 -1 2
110 234 1600 800 1000 1000 -1 2
110 234 1600 800 1000 1000 -1 2
1500 0
1502 105 335 1
1502 105 425 2
1502 105 515 3
1502 105 605 4
1501
1503 0 -1 -1 -1 -1

@0x82065D90
1000 0 0 0 0 0
1 435 -113 780 88
2100 0
100 347 -370 -15 1000 1000 -1
3000 10
700 148 2000 1000 1000 1000 -1
200 52 2000 1000 320 40 0 40 -1 1
100 236 246 24 899 899 -1
200 59 295 25 320 40 0 36 -1 1
100 239 364 24 899 899 -1
200 28 413 25 320 40 0 36 -1 1
100 237 641 24 899 899 -1
200 53 690 25 320 40 0 36 -1 1
200 188 -310 11 270 96 0 60 -1 1
3000 0
2101
2 0 435 37 35000 -299 75
9 0 740 128 128 0
2100 1
1 65 140 1150 86
2101
2100 2
200 22 35 17 322 48 0 44 -1 1
3000 1
100 185 295 11 1000 1000 -1
100 233 370 11 1000 1000 -1
100 186 445 11 1000 1000 -1
100 187 520 11 1000 1000 -1
100 188 595 11 1000 1000 -1
100 189 670 11 1000 1000 -1
100 190 745 11 1000 1000 -1
100 191 820 11 1000 1000 -1
100 192 895 11 1000 1000 -1
100 193 970 11 1000 1000 -1
100 194 1045 11 1000 1000 -1
3000 0
2101
2100 1
3000 -1
1 65 225 1150 383
4 3 -8432087 0
3000 0
1 65 611 1150 72
200 29 100 624 320 48 0 44 -1 1
200 51 2350 624 320 48 0 44 -1 1
200 47 470 624 320 48 0 44 -1 1
500 570 621 0 48 -1
200 48 850 624 320 48 0 44 -1 1
200 50 3160 624 320 48 0 44 -1 1
100 230 425 623 1000 1000 -1
100 230 800 623 1000 1000 -1
2101
2 1 0 0 175000 -1550 75
2100 2
110 291 263 -21 1000 1000 -1610612737 2
110 292 338 -21 1000 1000 -1610612737 2
110 293 413 -21 1000 1000 -1610612737 2
110 294 488 -21 1000 1000 -1610612737 2
110 296 563 -21 1000 1000 -1610612737 2
110 295 638 -21 1000 1000 -1610612737 2
110 297 713 -21 1000 1000 -1610612737 2
110 298 788 -21 1000 1000 -1610612737 2
110 299 863 -21 1000 1000 -1610612737 2
110 300 938 -21 1000 1000 -1610612737 2
110 301 1013 -21 1000 1000 -1610612737 2
2101
1500 0
1502 375 174 1
1502 450 174 12
1502 525 174 2
1502 600 174 5
1502 675 174 3
1502 750 174 4
1502 825 174 9
1502 900 174 10
1502 975 174 8
1502 1050 174 7
1502 1125 174 6
1501
1503 0 -1 -2 -2 -1
1503 1 -1 -1 -1 -1

@0x820664E0
1000 0 0 0 0 0
1 435 -113 780 88
2100 0
100 347 -370 -15 1000 1000 -1
700 148 2000 1000 1000 1000 -1
3100 -2
200 125 2000 1000 360 48 0 40 -1 1
100 236 326 24 899 899 -1
200 60 372 25 360 48 0 36 -1 1
100 237 644 24 899 899 -1
200 53 690 25 320 40 0 36 -1 1
100 239 486 24 899 899 -1
200 66 532 25 360 48 0 36 -1 1
100 240 20 10 949 949 -1
100 242 20 40 949 949 -1
200 64 68 27 360 48 0 34 -1 1
3100 0
200 189 -310 11 270 96 0 60 -1 1
3100 -2
2101
2 0 435 37 35000 -299 75
1 65 925 1150 323
2100 1
3000 -1
1300 20 -48 94 336 1
1300 105 -48 94 335 0
1300 190 -48 94 333 0
1300 275 -48 94 339 0
1300 360 -48 94 338 0
1300 445 -48 94 337 0
1300 530 -48 94 334 0
3000 0
800 1105 30 263 0
600 30 79 485
600 580 79 485
600 30 136 485
600 580 136 485
600 30 193 485
600 580 193 485
600 30 250 485
600 580 250 485
2101
1 65 1253 1150 167
2100 2
200 0 35 25 1080 120 0 40 -1 1
2101
2 1 65 185 175000 -1550 75
2 2 65 513 175000 -1550 75
9 685 866 530 60 8
2100 3
200 0 20 8 600 40 0 40 -1 1
2101
2 3 685 126 175000 -1550 75
1500 0
1502 115 217 1
1502 665 217 2
1502 115 274 3
1502 665 274 4
1502 115 331 5
1502 665 331 6
1502 115 388 7
1502 665 388 8
1502 115 445 9
1502 665 445 10
1501
1503 0 -1 -1 -1 -1
1503 1 -1 -1 -1 -1

@0x82066A38
3100 -2
3000 -1
9 65 880 1150 383 0
2100 0
1 0 0 1150 383
2101
4 1 -8432087 0
2 0 65 140 175000 -1550 75
3000 0
1 65 1270 1150 150
2100 2
200 0 35 10 1130 96 0 36 -1 1
200 0 35 50 1130 128 0 36 -1 1
2101
2 2 65 530 175000 -1550 75
1503 1 -1 -1 -1 -1
3100 0

@0x82066B68
3100 -2
9 0 0 380 290 8
2100 0
200 0 35 15 640 50 0 40 -1 1
200 0 35 60 640 50 0 40 -1 1
200 0 35 105 640 50 0 40 -1 1
200 0 35 150 640 50 0 40 -1 1
200 0 35 195 640 50 0 40 -1 1
200 0 35 240 640 50 0 40 -1 1
2101
3000 5
700 147 0 0 1000 1000 -1
3000 0
3100 0

@0x82066CC0
1 65 925 623 323
2100 0
600 30 79 545
600 30 136 545
600 30 193 545
600 30 250 545
800 585 30 263 1
2101
2 0 65 185 175000 -1550 75
9 685 925 530 323 1
2100 1
3000 5
9 0 0 533 323 3
3000 7
120 0 30 -2 949 899 -1
3000 4
100 251 10 -20 1000 1000 -1
100 251 42 -20 1000 1000 -1
100 251 490 -20 1000 1000 -1
3000 0
800 490 90 203 1
2101
2 1 685 185 175000 -1550 75
1500 1
1502 115 217 1
1502 115 274 2
1502 115 331 3
1502 115 388 4
1502 115 445 5
1501
1503 1 -1 -1 2 -1
1500 2
1502 725 262 1
1502 725 322 2
1502 725 382 3
1502 725 442 4
1501
1503 2 -1 1 -1 -1

@0x82066F28
1 435 -113 780 88
2100 0
3100 -2
100 347 -370 -15 1000 1000 -1
100 240 36 10 949 949 -1
100 242 36 40 949 949 -1
200 87 91 25 200 40 0 36 -1 1
700 148 2400 43 1000 1000 -1
200 125 2430 23 200 40 0 40 -1 1
100 236 469 24 899 899 -1
200 25 518 25 160 40 0 36 -1 1
100 239 2000 24 899 899 -1
200 63 2000 25 160 40 0 36 -1 1
100 237 641 24 899 899 -1
200 53 690 25 160 40 0 36 -1 1
3100 0
200 191 -310 11 270 96 0 60 -1 1
3100 -2
2101
2 0 435 37 35000 -299 75
1 65 1270 1150 150
2100 1
200 0 35 17 1080 154 0 40 -1 1
2101
2 1 65 530 175000 -1550 75
3000 1
9 65 880 400 430 0
2100 2
200 51 790 65 480 48 0 38 -1 1
200 69 990 65 320 48 0 38 -1 1
200 55 790 120 48 48 0 38 -1 1
200 56 970 120 48 48 0 38 -1 1
200 57 790 185 120 48 0 38 -1 1
200 58 790 235 120 48 0 38 -1 1
200 71 790 285 120 48 0 38 -1 1
200 72 970 285 120 48 0 38 -1 1
200 73 790 330 120 48 0 38 -1 1
200 74 970 330 120 48 0 38 -1 1
600 790 115 320
600 790 225 320
600 790 275 320
600 790 325 140
600 970 325 140
600 790 370 140
600 970 370 140
600 790 180 320
100 146 850 160 949 850 -1
1100 1 850 160 949 850
100 126 25 115 800 800 -1
100 284 25 210 800 800 -1
100 286 25 250 800 800 -1
600 25 54 365
600 25 104 365
600 70 154 305
600 70 245 305
600 70 335 305
2101
2 2 65 140 175000 -1550 75
9 0 740 400 430 0
2100 3
200 82 855 160 480 48 0 46 -1 1
200 0 915 205 120 48 0 38 -1 0
200 0 1135 205 120 48 0 38 -1 0
200 0 915 260 180 48 0 38 -1 0
200 0 1060 262 120 48 0 36 -1 0
200 0 1015 325 240 48 0 38 -1 0
200 0 1015 375 240 48 0 38 -1 0
200 0 935 425 120 48 0 38 -1 0
200 0 1115 425 120 48 0 38 -1 0
200 0 935 470 120 48 0 38 -1 0
200 0 1115 470 120 48 0 38 -1 0
100 129 90 155 800 800 -1
100 127 90 205 800 800 -1
200 82 135 154 480 48 0 36 -1 1
200 82 135 204 480 48 0 36 -1 1
200 82 135 254 480 48 0 36 -1 1
200 82 135 299 480 48 0 36 -1 1
200 82 135 350 480 48 0 36 -1 1
200 82 135 390 480 48 0 36 -1 1
200 0 985 430 40 40 0 40 -1 1
200 0 1165 430 40 40 0 40 -1 1
200 0 985 475 40 40 0 40 -1 1
200 0 1165 475 40 40 0 40 -1 1
3000 0
100 196 475 60 920 920 -1
110 234 125 144 1000 1000 -1 2
100 285 90 440 800 800 -1
100 287 90 480 800 800 -1
200 82 135 440 480 48 0 36 -1 1
200 82 135 480 480 48 0 36 -1 1
3000 5
9 475 140 740 385 3
3000 -1
9 475 140 740 385 1
3000 -6
3000 -2
9 65 140 410 210 1
9 65 335 410 100 1
9 65 425 410 100 1
3000 2
9 65 140 410 210 3
3000 4
9 65 335 410 100 3
3000 6
9 65 425 410 100 3
3000 0
110 234 145 144 1000 1000 -1 2
110 234 435 144 1000 1000 -1 2
100 240 495 160 1000 1000 -1
100 242 1150 160 1000 1000 -1
100 129 90 297 800 800 0
3000 6
9 475 140 740 385 9
2101
2 3 0 0 175000 -1550 75
1500 0
1502 105 150 1
1502 105 200 1
1502 105 250 1
1502 105 300 1
1502 105 345 1
1502 105 385 1
1502 105 435 1
1502 105 475 1
1501
1503 0 -1 -1 -1 -1

@0x82067BB0
1 415 140 440 390
1 852 140 363 390
800 821 185 290 0
1503 1 -1 -1 -1 -1
600 445 205 365
600 445 256 365
600 445 307 365
600 445 358 365
600 445 409 365
600 445 460 365
110 234 425 150 1000 1000 -1 2
110 234 445 150 1000 1000 -1 2
110 234 730 150 1000 1000 -1 2

@0x82067CC8
1 435 -113 780 88
3100 -2
2100 0
100 347 -370 -15 1000 1000 -1
700 148 300 45 899 899 -1
707 0 6
707 0 8
200 89 330 23 300 48 0 36 -1 1
100 237 641 24 899 899 -1
200 53 690 25 300 48 0 36 -1 1
3100 0
200 192 -310 21 270 96 0 42 -1 1
3100 -2
2101
2 0 435 37 35000 -299 75
1 65 880 1150 70
2100 1
3000 2
200 29 30 15 320 48 0 40 -1 1
200 97 340 15 120 48 0 40 -1 1
200 98 470 15 120 48 0 40 -1 1
200 99 600 15 120 48 0 40 -1 1
200 100 730 15 120 48 0 40 -1 1
200 101 860 15 120 48 0 40 -1 1
200 102 990 15 120 48 0 40 -1 1
3000 1
110 234 280 20 750 899 -1 2
104 3 -1 0
3000 0
601 320 10 51
601 450 10 51
601 580 10 51
601 710 10 51
601 840 10 51
601 970 10 51
2101
2 1 65 140 175000 -1550 75
9 65 955 128 128 0
2100 2
1 0 0 580 68
1 0 68 580 68
1 0 136 580 68
1 0 204 580 68
1 0 272 580 68
1 0 340 580 68
1 0 408 580 68
2101
3000 10
2100 3
200 90 25 6 555 50 0 32 -1 1
2101
2100 4
200 91 25 6 555 50 0 32 -1 1
2101
2100 5
200 92 25 6 555 50 0 32 -1 1
2101
2100 6
200 93 25 6 555 50 0 32 -1 1
2101
2100 7
200 96 25 6 555 50 0 32 -1 1
2101
2100 8
200 94 25 6 555 50 0 32 -1 1
2101
2100 9
200 95 25 6 555 50 0 32 -1 1
2101
2100 3
200 103 20 24 530 50 0 34 -1 1
2101
2100 4
200 104 20 24 530 50 0 34 -1 1
2101
2100 5
200 110 20 24 530 50 0 34 -1 1
2101
2100 6
200 113 20 24 530 50 0 34 -1 1
2101
2100 7
200 118 20 24 530 50 0 34 -1 1
2101
2100 8
200 116 20 24 530 50 0 34 -1 1
2101
2100 9
200 116 20 24 530 50 0 34 -1 1
2101
3000 0
2 2 65 215 175000 -1550 75
1 660 955 550 475
2100 10
100 240 30 393 949 949 -1
100 242 470 425 949 949 -1
200 123 80 396 300 50 0 34 -1 1
200 124 170 428 290 50 0 34 -1 1
200 0 280 11 64 48 0 36 -1 0
200 0 320 11 64 48 0 36 -1 0
200 56 300 11 64 48 0 36 -1 0
200 122 200 11 128 48 0 36 -1 1
200 0 28 50 494 800 0 34 -1 1
600 30 90 490
600 30 134 490
600 30 178 490
600 30 222 490
600 30 266 490
600 30 310 490
600 30 354 490
600 30 398 490
2101
2 10 660 215 175000 -1550 75
1500 0
1502 405 155 1
1502 535 155 2
1502 665 155 3
1502 795 155 4
1502 925 155 5
1502 1055 155 6
1503 0 -1 -1 -1 -1
1501

@0x82068648
1 435 -113 780 88
2100 0
3100 -2
100 347 -370 -15 1000 1000 -1
700 148 2275 44 1000 1000 -1
200 125 2305 20 300 48 0 40 -1 1
700 148 2240 44 1000 1000 -1
707 1 6
707 1 8
200 129 2270 23 300 48 0 40 -1 1
100 237 406 24 899 899 -1
200 54 455 25 800 48 0 36 -1 1
3100 0
200 197 -310 11 270 96 0 60 -1 1
3100 -2
2101
2 0 435 37 35000 -299 75
1 65 880 1150 543
2100 1
110 234 500 12 1000 1000 -1 2
110 234 500 62 1000 1000 -1 2
200 40 120 25 400 48 0 40 -1 1
3000 1
200 130 490 25 300 48 0 40 -1 1
200 131 690 25 300 48 0 40 -1 1
3000 0
600 120 68 950
200 35 120 75 300 48 0 40 -1 1
3000 1
200 132 490 75 300 48 0 40 -1 1
200 133 690 75 300 48 0 40 -1 1
3000 0
600 120 118 950
200 37 120 135 300 48 0 40 -1 1
200 39 490 135 300 48 0 40 -1 1
600 450 178 620
200 144 490 185 300 48 0 40 -1 1
600 450 228 620
200 145 490 235 300 48 0 40 -1 1
600 120 278 950
3000 3
1200 750 133 100
300 0 1020 133 40 -1 3
1200 750 183 100
300 0 1020 183 40 -1 3
1200 750 233 100
300 0 1020 233 40 -1 3
3000 0
110 234 440 285 1000 1000 -1 2
200 42 120 335 300 48 0 40 -1 1
200 44 490 335 300 48 0 40 -1 1
200 43 690 335 300 48 0 40 -1 1
100 312 50 15 1000 1000 -1
100 318 50 65 1000 1000 -1
100 315 50 125 1000 1000 -1
2101
2 1 65 140 175000 -1550 75
2100 0
100 240 26 7 949 949 -1
100 242 26 38 949 949 -1
200 65 78 27 240 40 0 36 -1 1
2101
2100 1
100 242 1060 490 1000 1000 -1
200 124 620 490 430 50 0 40 -1 1
300 1 555 490 40 -1 1
300 2 595 490 40 -1 1
200 56 575 490 64 48 0 40 -1 0
200 122 475 490 128 48 0 40 -1 1
2101
2100 1
110 234 490 285 1000 1000 -1 2
200 201 120 285 300 48 0 40 -1 1
200 130 490 285 300 48 0 40 -1 1
200 131 690 285 300 48 0 40 -1 1
600 120 328 950
100 350 50 275 1000 1000 -1
2101
1500 0
1502 550 165 1
1502 550 215 2
1501
1503 0 -5 -1 -1 -5
1500 3
1502 550 275 1
1502 550 325 2
1502 550 375 3
1501
1503 3 0 -1 -1 2
1500 2
1502 550 430 5
1502 550 480 4
1501
1503 2 3 -1 -1 -1

@0x82068EB8
1 65 140 1150 543
2100 0
3100 -2
110 234 550 202 1000 1000 -1 2
110 234 550 242 1000 1000 -1 2
110 234 550 282 1000 1000 -1 2
200 137 120 25 500 96 0 40 -1 1
3000 1
200 138 490 25 300 48 0 40 -1 1
200 141 720 25 300 48 0 40 -1 1
200 142 820 25 300 48 0 40 -1 1
200 143 920 25 300 48 0 40 -1 1
200 206 1020 25 300 48 0 40 -1 1
200 139 490 75 300 48 0 40 -1 1
200 141 720 75 300 48 0 40 -1 1
200 142 820 75 300 48 0 40 -1 1
200 143 920 75 300 48 0 40 -1 1
200 206 1020 75 300 48 0 40 -1 1
200 140 490 125 300 48 0 40 -1 1
200 141 720 125 300 48 0 40 -1 1
200 142 820 125 300 48 0 40 -1 1
200 143 920 125 300 48 0 40 -1 1
200 206 1020 125 300 48 0 40 -1 1
3000 0
100 313 50 15 1000 1000 -1
2101
2100 0
100 240 40 490 1000 1000 -1
200 123 95 490 400 50 0 40 -1 1
300 2 555 490 40 -1 1
300 2 595 490 40 -1 1
200 56 575 490 64 48 0 40 -1 0
200 122 475 490 128 48 0 40 -1 1
2101
1500 1
1502 550 165 4
1502 550 215 5
1502 550 265 6
1501
1503 1 -1 -1 -1 -1

@0x82069320
1 435 -113 780 88
2100 0
3100 -2
100 347 -370 -15 1000 1000 -1
700 148 2420 44 1000 1000 -1
100 236 520 24 899 899 -1
100 237 620 24 899 899 -1
200 125 2455 20 320 40 0 36 -1 1
200 59 565 27 320 40 0 34 -1 1
200 53 665 25 320 40 0 36 -1 1
3100 0
200 200 -310 11 270 96 0 60 -1 1
3100 -2
2101
2 0 435 37 35000 -299 75
1 -675 140 400 215
2100 1
200 151 25 15 320 48 0 40 -1 1
200 152 25 60 320 48 0 40 -1 1
200 153 25 105 320 48 0 40 -1 1
200 154 25 150 320 48 0 40 -1 1
110 234 20 10 1000 1000 -1 2
2101
2 1 65 145 175000 -1550 75
1 65 1270 1150 150
2100 2
200 0 30 18 1090 144 0 40 -1 1
2101
2 2 65 530 175000 -1550 75
1 1205 470 345 60
2100 3
200 149 30 10 240 48 0 40 -1 1
300 11 220 10 40 -1 2
2101
2 3 465 470 175000 -1550 75
1 1555 470 400 60
2100 4
200 48 50 10 160 48 0 40 -1 1
300 11111111 158 8 40 -1 8
200 50 340 10 40 48 0 40 -1 1
2101
2 4 815 470 175000 -1550 75
1 1205 175 750 295
2100 5
800 700 40 235 0
3000 -1
1300 25 -48 94 340 1
1300 110 -48 94 336 0
1300 195 -48 94 333 0
1300 280 -48 94 339 0
1300 365 -48 94 338 0
3000 0
2101
2 5 465 175 175000 -1550 75
2100 0
100 241 2005 26 899 899 -1
100 243 2032 26 899 899 -1
200 46 2066 28 240 40 0 33 -1 1
100 240 20 10 949 949 -1
100 242 20 40 949 949 -1
200 64 69 28 540 40 0 33 -1 1
2101
1500 0
1502 105 155 1
1502 105 200 2
1502 105 245 3
1502 105 295 3
1501
1503 0 -2 -1 -1 -2
1500 1
1502 515 220 1
1502 515 285 2
1502 515 350 3
1502 515 415 4
1501
1503 1 -1 -1 -1 -1

@0x82069980
9 365 180 128 128 0
2100 0
3100 -2
110 234 296 102 1000 1000 -1 2
1 0 0 550 200
3000 1
100 126 30 20 1000 1000 -1
200 0 80 20 480 40 0 40 -1 1
200 146 228 110 48 48 0 48 -1 1
300 0 270 110 48 -1 1
300 1 302 110 48 -1 1
100 266 285 72 1000 1000 -1
600 10 80 530
3000 0
1 0 200 550 80
200 156 200 220 96 48 0 40 -1 1
200 50 480 223 48 48 0 40 -1 1
300 97251623 300 220 40 -1 8
2101

@0x82069B48
9 365 300 480 180 8
3100 -2
2100 0
200 176 20 10 1024 48 0 40 -1 1
200 178 40 70 320 48 0 40 -1 1
200 179 40 120 320 48 0 40 -1 1
2101
1500 2
1502 410 370 1
1502 410 420 2
1501
1503 2 -1 -1 -1 -1

@0x82069C38
3100 -2
9 365 300 480 70 8
2100 0
200 0 20 15 1024 96 0 40 -1 1
2101

@0x82069C90
9 65 245 400 415 0
2100 0
1 0 0 400 285
200 1 0 130 400 48 0 44 -1 1
200 82 110 185 60 48 0 40 -1 0
200 82 290 185 60 48 0 40 -1 0
200 82 110 230 60 48 0 40 -1 0
200 82 290 230 60 48 0 40 -1 0
200 0 165 190 40 40 0 40 -1 1
200 0 345 190 40 40 0 40 -1 1
200 0 165 235 40 40 0 40 -1 1
200 0 345 235 40 40 0 40 -1 1
3000 0
100 343 14 5 800 800 0
100 343 84 5 800 800 0
100 343 154 5 800 800 0
100 343 224 5 800 800 0
100 343 294 5 800 800 0
100 343 14 63 800 800 0
100 343 84 63 800 800 0
100 343 154 63 800 800 0
100 343 224 63 800 800 0
100 343 294 63 800 800 0
100 342 55 120 1000 1000 -1
100 342 280 120 1000 1000 -1
3000 1
100 344 0 1110 800 800 -1
3000 2
100 254 0 1110 800 800 -1
100 255 0 1110 800 800 -1
100 256 0 1110 800 800 -1
100 257 0 1110 800 800 -1
100 258 0 1110 800 800 -1
100 259 0 1110 800 800 -1
100 260 0 1110 800 800 -1
100 261 0 1110 800 800 -1
100 262 0 1110 800 800 -1
100 263 0 1110 800 800 -1
3000 0
200 71 30 185 120 48 0 40 -1 1
200 72 210 185 120 48 0 40 -1 1
200 73 30 230 120 48 0 40 -1 1
200 74 210 230 120 48 0 40 -1 1
100 241 15 130 1000 1000 -1
100 243 336 130 1000 1000 -1
600 10 180 380
600 30 225 140
600 210 225 140
600 30 270 140
600 210 270 140
3000 3
100 349 49 41 500 500 -1
100 349 119 41 500 500 -1
100 349 189 41 500 500 -1
100 349 259 41 500 500 -1
100 349 329 41 500 500 -1
100 349 49 99 500 500 -1
100 349 119 99 500 500 -1
100 349 189 99 500 500 -1
100 349 259 99 500 500 -1
100 349 329 99 500 500 -1
3000 0
2101

@0x8206A328
1 435 -113 780 88
2100 0
3100 -2
100 347 -370 -15 1000 1000 -1
700 148 2380 43 1000 1000 -1
707 0 2
707 0 4
200 125 2410 25 300 48 0 40 -1 1
100 236 501 24 899 899 -1
200 127 550 25 300 48 0 36 -1 1
100 237 641 24 899 899 -1
200 53 690 25 300 48 0 36 -1 1
100 239 20 24 899 899 -1
200 169 69 25 800 48 0 36 -1 1
3100 0
200 195 -320 2 290 128 0 38 -1 1
3100 -2
2101
2 0 435 37 35000 -299 75
9 430 880 440 543 0
2100 1
1 0 0 440 75
1 0 75 440 75
1 0 150 440 75
1 0 225 440 75
1 0 300 440 75
1 0 375 440 75
1 0 450 440 75
2101
2 1 430 140 175000 -1550 75
1500 0
1502 480 167 1
1502 480 242 2
1502 480 317 3
1502 480 392 4
1502 480 467 5
1502 480 542 6
1502 480 617 7
1501
1503 0 -1 -1 -1 -1

@0x8206A650
1 65 880 1150 543
3100 -2
2100 0
100 240 80 410 1000 1000 -1
100 242 1020 410 1000 1000 -1
100 251 10 444 1000 1000 -1
100 251 42 444 1000 1000 -1
100 251 1110 444 1000 1000 -1
200 56 590 15 40 40 0 40 -1 0
200 122 490 15 120 40 0 40 -1 1
200 123 140 410 320 48 0 40 -1 1
200 124 610 410 400 48 0 40 -1 1
300 2 610 15 40 -1 1
300 1 570 15 40 -1 1
200 0 100 60 950 600 0 38 -1 1
600 100 103 950
600 100 151 950
600 100 199 950
600 100 247 950
600 100 295 950
600 100 343 950
600 100 391 950
2101

@0x8206A878
1 435 -113 780 88
2100 0
3100 -2
100 347 -370 -15 1000 1000 -1
100 240 26 10 949 949 -1
100 242 26 40 949 949 -1
200 64 81 27 200 40 0 36 -1 1
700 148 2240 46 1000 1000 -1
200 125 2275 25 360 48 0 36 -1 1
100 236 290 24 899 899 -1
200 158 339 25 360 48 0 36 -1 1
100 239 511 24 899 899 -1
200 159 560 25 320 40 0 36 -1 1
100 237 641 24 899 899 -1
200 53 690 25 320 40 0 36 -1 1
3100 0
200 196 -310 11 270 96 0 60 -1 1
3100 -2
2101
2 0 435 37 35000 -299 75
1 65 880 1150 90
2100 1
200 0 30 20 320 48 0 40 -1 1
100 272 1050 20 1000 1000 0
2101
2 1 65 140 175000 -1550 75
1 65 1030 1150 410
2100 2
3000 -1
1300 30 -48 334 0 1
1300 350 -48 254 0 0
1300 590 -48 174 0 0
3000 0
800 1090 30 350 0
2101
2 2 65 290 175000 -1550 75
110 234 1600 800 1000 1000 -1 2
110 234 1600 800 1000 1000 -1 2
110 234 1600 800 1000 1000 -1 2
1500 0
1502 105 335 1
1502 105 425 2
1502 105 515 3
1502 105 605 4
1501
1503 0 -1 -1 -1 -1

@0x8206AC70
1000 0 0 0 0 0
1 435 -113 780 88
2100 0
100 347 -370 -15 1000 1000 -1
3000 10
700 148 2000 1000 1000 1000 -1
200 52 2000 1000 320 40 0 40 -1 1
100 236 161 24 899 899 -1
200 59 210 25 320 40 0 36 -1 1
100 239 304 24 899 899 -1
200 28 353 25 320 40 0 36 -1 1
100 237 631 24 899 899 -1
200 53 680 25 320 40 0 36 -1 1
200 188 -310 11 270 96 0 60 -1 1
3000 0
2101
2 0 435 37 35000 -299 75
9 0 740 128 128 0
2100 1
1 65 140 1150 86
2101
2100 2
200 22 25 19 640 120 0 40 -1 1
3000 1
100 185 295 11 1000 1000 -1
100 233 370 11 1000 1000 -1
100 186 445 11 1000 1000 -1
100 187 520 11 1000 1000 -1
100 188 595 11 1000 1000 -1
100 189 670 11 1000 1000 -1
100 190 745 11 1000 1000 -1
100 191 820 11 1000 1000 -1
100 192 895 11 1000 1000 -1
100 193 970 11 1000 1000 -1
100 194 1045 11 1000 1000 -1
3000 0
2101
2100 1
3000 -1
1 65 225 1150 383
4 3 -8432087 0
3000 0
1 65 611 1150 72
200 29 100 624 320 48 0 44 -1 1
200 51 2350 624 320 48 0 44 -1 1
200 47 470 624 320 48 0 44 -1 1
500 580 621 0 48 -1
200 48 850 624 320 48 0 44 -1 1
200 50 3160 624 320 48 0 44 -1 1
100 230 425 623 1000 1000 -1
100 230 810 623 1000 1000 -1
2101
2 1 0 0 175000 -1550 75
2100 2
110 291 263 -21 1000 1000 -1610612737 2
110 292 338 -21 1000 1000 -1610612737 2
110 293 413 -21 1000 1000 -1610612737 2
110 294 488 -21 1000 1000 -1610612737 2
110 296 563 -21 1000 1000 -1610612737 2
110 295 638 -21 1000 1000 -1610612737 2
110 297 713 -21 1000 1000 -1610612737 2
110 298 788 -21 1000 1000 -1610612737 2
110 299 863 -21 1000 1000 -1610612737 2
110 300 938 -21 1000 1000 -1610612737 2
110 301 1013 -21 1000 1000 -1610612737 2
2101
1500 0
1502 375 174 1
1502 450 174 12
1502 525 174 2
1502 600 174 5
1502 675 174 3
1502 750 174 4
1502 825 174 9
1502 900 174 10
1502 975 174 8
1502 1050 174 7
1502 1125 174 6
1501
1503 0 -1 -2 -2 -1
1503 1 -1 -1 -1 -1

@0x8206B3C0
1000 0 0 0 0 0
1 435 -113 780 88
2100 0
100 347 -370 -15 1000 1000 -1
700 148 2000 1000 1000 1000 -1
3100 -2
200 125 2000 1000 360 48 0 40 -1 1
100 236 336 24 899 899 -1
200 60 382 25 361 48 0 36 -1 1
100 237 634 24 899 899 -1
200 53 680 25 320 40 0 36 -1 1
100 239 458 24 899 899 -1
200 66 504 25 360 48 0 36 -1 1
100 240 20 10 949 949 -1
100 242 20 40 949 949 -1
200 64 71 29 360 48 0 32 -1 1
3100 0
200 189 -310 11 270 96 0 60 -1 1
3100 -2
2101
2 0 435 37 35000 -299 75
1 65 925 1150 323
2100 1
3000 -1
1300 20 -48 94 336 1
1300 105 -48 94 335 0
1300 190 -48 94 333 0
1300 275 -48 94 339 0
1300 360 -48 94 338 0
1300 445 -48 94 337 0
1300 530 -48 94 334 0
3000 0
800 1105 30 263 0
600 30 79 485
600 580 79 485
600 30 136 485
600 580 136 485
600 30 193 485
600 580 193 485
600 30 250 485
600 580 250 485
2101
1 65 1253 1150 167
2100 2
200 0 35 25 1080 120 0 36 -1 1
2101
2 1 65 185 175000 -1550 75
2 2 65 513 175000 -1550 75
9 685 866 530 60 8
2100 3
200 0 20 8 600 40 0 40 -1 1
2101
2 3 685 126 175000 -1550 75
1500 0
1502 115 217 1
1502 665 217 2
1502 115 274 3
1502 665 274 4
1502 115 331 5
1502 665 331 6
1502 115 388 7
1502 665 388 8
1502 115 445 9
1502 665 445 10
1501
1503 0 -1 -1 -1 -1
1503 1 -1 -1 -1 -1

@0x8206B918
3100 -2
3000 -1
9 65 880 1150 383 0
2100 0
1 0 0 1150 383
2101
4 1 -8432087 0
2 0 65 140 175000 -1550 75
3000 0
1 65 1270 1150 150
2100 2
200 0 35 6 1130 96 0 34 -1 1
200 0 35 36 1100 128 0 35 -1 1
2101
2 2 65 530 175000 -1550 75
1503 1 -1 -1 -1 -1
3100 0

@0x8206BA48
3100 -2
9 0 0 380 290 8
2100 0
200 0 35 15 640 50 0 40 -1 1
200 0 35 60 640 50 0 40 -1 1
200 0 35 105 640 50 0 40 -1 1
200 0 35 150 640 50 0 40 -1 1
200 0 35 195 640 50 0 40 -1 1
200 0 35 240 640 50 0 40 -1 1
2101
3000 5
700 147 0 0 1000 1000 -1
3000 0
3100 0

@0x8206BBA0
1 65 925 623 323
2100 0
600 30 79 545
600 30 136 545
600 30 193 545
600 30 250 545
800 585 30 263 1
2101
2 0 65 185 175000 -1550 75
9 685 925 530 323 1
2100 1
3000 5
9 0 0 533 323 3
120 0 30 -2 1000 1000 -1
3000 4
100 251 10 -20 1000 1000 -1
100 251 42 -20 1000 1000 -1
100 251 490 -20 1000 1000 -1
3000 0
800 490 90 203 1
2101
2 1 685 185 175000 -1550 75
1500 1
1502 115 217 1
1502 115 274 2
1502 115 331 3
1502 115 388 4
1502 115 445 5
1501
1503 1 -1 -1 2 -1
1500 2
1502 725 262 1
1502 725 322 2
1502 725 382 3
1502 725 442 4
1501
1503 2 -1 1 -1 -1

@0x8206BE00
1 435 -113 780 88
2100 0
3100 -2
100 347 -370 -15 1000 1000 -1
100 240 26 10 949 949 -1
100 242 26 40 949 949 -1
200 87 76 27 200 40 0 34 -1 1
700 148 2400 43 1000 1000 -1
200 125 2430 23 200 40 0 40 -1 1
100 236 466 24 899 899 -1
200 25 515 25 160 40 0 36 -1 1
100 239 2000 24 899 899 -1
200 63 2000 25 160 40 0 36 -1 1
100 237 636 24 899 899 -1
200 53 685 25 160 40 0 36 -1 1
3100 0
200 191 -310 11 270 96 0 60 -1 1
3100 -2
2101
2 0 435 37 35000 -299 75
1 65 1270 1150 150
2100 1
200 0 35 17 1080 154 0 36 -1 1
2101
2 1 65 530 175000 -1550 75
3000 1
9 65 880 400 430 0
2100 2
200 51 790 65 480 48 0 38 -1 1
200 69 990 65 320 48 0 38 -1 1
200 55 790 120 48 48 0 38 -1 1
200 56 970 120 48 48 0 38 -1 1
200 57 790 185 120 48 0 38 -1 1
200 58 790 235 120 48 0 38 -1 1
200 71 790 285 120 48 0 38 -1 1
200 72 970 285 120 48 0 38 -1 1
200 73 790 330 120 48 0 38 -1 1
200 74 970 330 120 48 0 38 -1 1
600 790 115 320
600 790 225 320
600 790 275 320
600 790 325 140
600 970 325 140
600 790 370 140
600 970 370 140
600 790 180 320
100 146 850 160 949 850 -1
1100 1 850 160 949 850
100 126 25 115 800 800 -1
100 284 25 210 800 800 -1
100 286 25 250 800 800 -1
600 25 54 365
600 25 104 365
600 70 154 305
600 70 245 305
600 70 335 305
2101
2 2 65 140 175000 -1550 75
9 0 740 400 430 0
2100 3
200 82 855 160 480 48 0 46 -1 1
200 0 915 205 120 48 0 38 -1 0
200 0 1135 205 120 48 0 38 -1 0
200 0 915 260 180 48 0 38 -1 0
200 0 1060 262 120 48 0 36 -1 0
200 0 1015 325 240 48 0 38 -1 0
200 0 1015 375 240 48 0 38 -1 0
200 0 935 425 120 48 0 38 -1 0
200 0 1115 425 120 48 0 38 -1 0
200 0 935 470 120 48 0 38 -1 0
200 0 1115 470 120 48 0 38 -1 0
100 129 90 155 800 800 -1
100 127 90 205 800 800 -1
200 82 135 154 480 48 0 36 -1 1
200 82 135 204 480 48 0 36 -1 1
200 82 135 254 480 48 0 36 -1 1
200 82 135 299 480 48 0 36 -1 1
200 82 135 350 480 48 0 36 -1 1
200 82 135 390 480 48 0 36 -1 1
200 0 985 430 40 40 0 40 -1 1
200 0 1165 430 40 40 0 40 -1 1
200 0 985 475 40 40 0 40 -1 1
200 0 1165 475 40 40 0 40 -1 1
3000 0
100 196 475 60 920 920 -1
110 234 125 144 1000 1000 -1 2
100 285 90 440 800 800 -1
100 287 90 480 800 800 -1
200 82 135 440 480 48 0 36 -1 1
200 82 135 480 480 48 0 36 -1 1
3000 5
9 475 140 740 385 3
3000 -1
9 475 140 740 385 1
3000 -6
3000 -2
9 65 140 410 210 1
9 65 335 410 100 1
9 65 425 410 100 1
3000 2
9 65 140 410 210 3
3000 4
9 65 335 410 100 3
3000 6
9 65 425 410 100 3
3000 0
110 234 145 144 1000 1000 -1 2
110 234 435 144 1000 1000 -1 2
100 240 495 160 1000 1000 -1
100 242 1150 160 1000 1000 -1
100 129 90 297 800 800 0
3000 6
9 475 140 740 385 9
2101
2 3 0 0 175000 -1550 75
1500 0
1502 105 150 1
1502 105 200 1
1502 105 250 1
1502 105 300 1
1502 105 345 1
1502 105 385 1
1502 105 435 1
1502 105 475 1
1501
1503 0 -1 -1 -1 -1

@0x8206CA88
1 415 140 440 390
1 852 140 363 390
800 821 185 290 0
1503 1 -1 -1 -1 -1
600 445 205 365
600 445 256 365
600 445 307 365
600 445 358 365
600 445 409 365
600 445 460 365
110 234 425 150 1000 1000 -1 2
110 234 445 150 1000 1000 -1 2
110 234 730 150 1000 1000 -1 2

@0x8206CBA0
1 435 -113 780 88
3100 -2
2100 0
100 347 -370 -15 1000 1000 -1
700 148 350 45 899 899 -1
707 0 6
707 0 8
200 89 380 25 300 48 0 36 -1 1
100 237 636 24 899 899 -1
200 53 685 25 300 48 0 36 -1 1
3100 0
200 192 -310 21 270 96 0 43 -1 1
3100 -2
2101
2 0 435 37 35000 -299 75
1 65 880 1150 70
2100 1
3000 2
200 29 30 15 320 48 0 40 -1 1
200 97 340 15 120 48 0 40 -1 1
200 98 470 15 120 48 0 40 -1 1
200 99 600 15 120 48 0 40 -1 1
200 100 730 15 120 48 0 40 -1 1
200 101 860 15 120 48 0 40 -1 1
200 102 990 15 120 48 0 40 -1 1
3000 1
110 234 280 20 750 899 -1 2
104 3 -1 0
3000 0
601 320 10 51
601 450 10 51
601 580 10 51
601 710 10 51
601 840 10 51
601 970 10 51
2101
2 1 65 140 175000 -1550 75
9 65 955 128 128 0
2100 2
1 0 0 580 68
1 0 68 580 68
1 0 136 580 68
1 0 204 580 68
1 0 272 580 68
1 0 340 580 68
1 0 408 580 68
2101
3000 10
2100 3
200 90 25 6 555 50 0 32 -1 1
2101
2100 4
200 91 25 6 555 50 0 32 -1 1
2101
2100 5
200 92 25 6 555 50 0 32 -1 1
2101
2100 6
200 93 25 6 555 50 0 32 -1 1
2101
2100 7
200 96 25 6 555 50 0 32 -1 1
2101
2100 8
200 94 25 6 555 50 0 32 -1 1
2101
2100 9
200 95 25 6 555 50 0 32 -1 1
2101
2100 3
200 103 20 24 530 50 0 34 -1 1
2101
2100 4
200 104 20 24 530 50 0 34 -1 1
2101
2100 5
200 110 20 24 530 50 0 34 -1 1
2101
2100 6
200 113 20 24 530 50 0 34 -1 1
2101
2100 7
200 118 20 24 530 50 0 34 -1 1
2101
2100 8
200 116 20 24 530 50 0 34 -1 1
2101
2100 9
200 116 20 24 530 50 0 34 -1 1
2101
3000 0
2 2 65 215 175000 -1550 75
1 660 955 550 475
2100 10
100 240 30 393 949 949 -1
100 242 470 425 949 949 -1
200 123 80 396 300 50 0 34 -1 1
200 124 170 428 290 50 0 34 -1 1
200 0 290 11 64 48 0 36 -1 0
200 0 330 11 64 48 0 36 -1 0
200 56 310 11 64 48 0 36 -1 0
200 122 190 11 128 48 0 36 -1 1
200 0 28 50 494 800 0 34 -1 1
600 30 90 490
600 30 134 490
600 30 178 490
600 30 222 490
600 30 266 490
600 30 310 490
600 30 354 490
600 30 398 490
2101
2 10 660 215 175000 -1550 75
1500 0
1502 405 155 1
1502 535 155 2
1502 665 155 3
1502 795 155 4
1502 925 155 5
1502 1055 155 6
1503 0 -1 -1 -1 -1
1501

@0x8206D520
1 435 -113 780 88
2100 0
3100 -2
100 347 -370 -15 1000 1000 -1
700 148 2275 44 1000 1000 -1
200 125 2305 20 300 48 0 40 -1 1
700 148 2240 44 1000 1000 -1
707 1 6
707 1 8
200 129 2270 23 300 48 0 40 -1 1
100 237 401 24 899 899 -1
200 54 450 25 800 48 0 36 -1 1
3100 0
200 197 -310 11 270 96 0 60 -1 1
3100 -2
2101
2 0 435 37 35000 -299 75
1 65 880 1150 543
2100 1
110 234 450 12 1000 1000 -1 2
110 234 450 62 1000 1000 -1 2
200 40 120 25 400 48 0 40 -1 1
3000 1
200 130 440 25 300 48 0 40 -1 1
200 131 640 25 300 48 0 40 -1 1
3000 0
600 120 68 900
200 35 120 75 300 48 0 40 -1 1
3000 1
200 132 440 75 300 48 0 40 -1 1
200 133 640 75 300 48 0 40 -1 1
3000 0
600 120 118 900
200 37 120 135 300 48 0 40 -1 1
200 39 440 135 300 48 0 40 -1 1
600 350 178 670
200 144 440 185 300 48 0 40 -1 1
600 350 228 670
200 145 440 235 300 48 0 40 -1 1
600 120 278 900
3000 3
1200 650 133 100
300 0 920 133 40 -1 3
1200 650 183 100
300 0 920 183 40 -1 3
1200 650 233 100
300 0 920 233 40 -1 3
3000 0
110 234 440 285 1000 1000 -1 2
200 42 120 335 300 48 0 40 -1 1
200 44 440 335 300 48 0 40 -1 1
200 43 640 335 300 48 0 40 -1 1
100 312 50 15 1000 1000 -1
100 318 50 65 1000 1000 -1
100 315 50 125 1000 1000 -1
2101
2 1 65 140 175000 -1550 75
2100 0
100 240 26 7 1000 1000 -1
100 242 26 38 1000 1000 -1
200 65 80 23 240 40 0 40 -1 1
2101
2100 1
100 242 1060 490 1000 1000 -1
200 124 620 490 430 50 0 40 -1 1
300 1 570 490 40 -1 1
300 2 610 490 40 -1 1
200 56 590 490 64 48 0 40 -1 0
200 122 460 490 128 48 0 40 -1 1
2101
2100 1
110 234 440 285 1000 1000 -1 2
200 201 120 285 300 48 0 40 -1 1
200 130 440 285 300 48 0 40 -1 1
200 131 640 285 300 48 0 40 -1 1
600 120 328 900
100 350 50 275 1000 1000 -1
2101
1500 0
1502 500 165 1
1502 500 215 2
1501
1503 0 -5 -1 -1 -5
1500 3
1502 500 275 1
1502 500 325 2
1502 500 375 3
1501
1503 3 0 -1 -1 2
1500 2
1502 500 430 5
1502 500 480 4
1501
1503 2 3 -1 -1 -1

@0x8206DD90
1 65 140 1150 543
2100 0
3100 -2
110 234 500 202 1000 1000 -1 2
110 234 500 242 1000 1000 -1 2
110 234 500 282 1000 1000 -1 2
200 137 120 25 300 96 0 40 -1 1
3000 1
200 138 440 25 300 48 0 40 -1 1
200 141 670 25 300 48 0 40 -1 1
200 142 770 25 300 48 0 40 -1 1
200 143 870 25 300 48 0 40 -1 1
200 206 970 25 300 48 0 40 -1 1
200 139 440 75 300 48 0 40 -1 1
200 141 670 75 300 48 0 40 -1 1
200 142 770 75 300 48 0 40 -1 1
200 143 870 75 300 48 0 40 -1 1
200 206 970 75 300 48 0 40 -1 1
200 140 440 125 300 48 0 40 -1 1
200 141 670 125 300 48 0 40 -1 1
200 142 770 125 300 48 0 40 -1 1
200 143 870 125 300 48 0 40 -1 1
200 206 970 125 300 48 0 40 -1 1
3000 0
100 313 50 15 1000 1000 -1
2101
2100 0
100 240 40 490 1000 1000 -1
200 123 95 490 400 50 0 40 -1 1
300 2 570 490 40 -1 1
300 2 610 490 40 -1 1
200 56 590 490 64 48 0 40 -1 0
200 122 460 490 128 48 0 40 -1 1
2101
1500 1
1502 500 165 4
1502 500 215 5
1502 500 265 6
1501
1503 1 -1 -1 -1 -1

@0x8206E1F8
1 435 -113 780 88
2100 0
3100 -2
100 347 -370 -15 1000 1000 -1
700 148 2420 44 1000 1000 -1
100 236 503 24 899 899 -1
100 237 636 24 899 899 -1
200 125 2455 20 320 40 0 36 -1 1
200 59 552 25 320 40 0 36 -1 1
200 53 685 25 320 40 0 36 -1 1
3100 0
200 200 -310 11 270 96 0 60 -1 1
3100 -2
2101
2 0 435 37 35000 -299 75
1 -675 140 400 215
2100 1
200 151 25 15 320 48 0 40 -1 1
200 152 25 60 320 48 0 40 -1 1
200 153 25 105 320 48 0 40 -1 1
200 154 25 150 320 48 0 40 -1 1
110 234 20 10 1000 1000 -1 2
2101
2 1 65 145 175000 -1550 75
1 65 1270 1150 150
2100 2
200 0 30 18 1090 144 0 40 -1 1
2101
2 2 65 530 175000 -1550 75
1 1205 470 345 60
2100 3
200 149 30 10 240 48 0 40 -1 1
300 11 220 10 40 -1 2
2101
2 3 465 470 175000 -1550 75
1 1555 470 400 60
2100 4
200 48 50 10 160 48 0 40 -1 1
300 11111111 158 8 40 -1 8
200 50 340 10 40 48 0 40 -1 1
2101
2 4 815 470 175000 -1550 75
1 1205 175 750 295
2100 5
800 700 40 235 0
3000 -1
1300 25 -48 94 340 1
1300 110 -48 94 336 0
1300 195 -48 94 333 0
1300 280 -48 94 339 0
1300 365 -48 94 338 0
3000 0
2101
2 5 465 175 175000 -1550 75
2100 0
100 241 2005 26 899 899 -1
100 243 2032 26 899 899 -1
200 46 2066 27 240 40 0 34 -1 1
100 240 20 10 949 949 -1
100 242 20 40 949 949 -1
200 64 69 27 540 40 0 34 -1 1
2101
1500 0
1502 105 155 1
1502 105 200 2
1502 105 245 3
1502 105 295 3
1501
1503 0 -2 -1 -1 -2
1500 1
1502 515 220 1
1502 515 285 2
1502 515 350 3
1502 515 415 4
1501
1503 1 -1 -1 -1 -1

@0x8206E858
9 365 180 128 128 0
2100 0
3100 -2
110 234 296 102 1000 1000 -1 2
1 0 0 550 200
3000 1
100 126 30 20 1000 1000 -1
200 0 80 20 480 40 0 40 -1 1
200 146 228 110 48 48 0 48 -1 1
300 0 270 110 48 -1 1
300 1 302 110 48 -1 1
100 266 285 72 1000 1000 -1
600 10 80 530
3000 0
1 0 200 550 80
200 156 200 220 96 48 0 40 -1 1
200 50 480 223 48 48 0 40 -1 1
300 97251623 300 220 40 -1 8
2101

@0x8206EA20
9 365 300 480 180 8
3100 -2
2100 0
200 176 20 10 1024 48 0 40 -1 1
200 178 40 70 320 48 0 40 -1 1
200 179 40 120 320 48 0 40 -1 1
2101
1500 2
1502 410 370 1
1502 410 420 2
1501
1503 2 -1 -1 -1 -1

@0x8206EB10
3100 -2
9 365 300 480 70 8
2100 0
200 0 20 15 1024 96 0 40 -1 1
2101

@0x8206EB68
9 65 245 400 415 0
2100 0
1 0 0 400 285
200 1 0 130 400 48 0 44 -1 1
200 82 110 185 60 48 0 40 -1 0
200 82 290 185 60 48 0 40 -1 0
200 82 110 230 60 48 0 40 -1 0
200 82 290 230 60 48 0 40 -1 0
200 0 165 190 40 40 0 40 -1 1
200 0 345 190 40 40 0 40 -1 1
200 0 165 235 40 40 0 40 -1 1
200 0 345 235 40 40 0 40 -1 1
3000 0
100 343 14 5 800 800 0
100 343 84 5 800 800 0
100 343 154 5 800 800 0
100 343 224 5 800 800 0
100 343 294 5 800 800 0
100 343 14 63 800 800 0
100 343 84 63 800 800 0
100 343 154 63 800 800 0
100 343 224 63 800 800 0
100 343 294 63 800 800 0
100 342 55 120 1000 1000 -1
100 342 280 120 1000 1000 -1
3000 1
100 344 0 1110 800 800 -1
3000 2
100 254 0 1110 800 800 -1
100 255 0 1110 800 800 -1
100 256 0 1110 800 800 -1
100 257 0 1110 800 800 -1
100 258 0 1110 800 800 -1
100 259 0 1110 800 800 -1
100 260 0 1110 800 800 -1
100 261 0 1110 800 800 -1
100 262 0 1110 800 800 -1
100 263 0 1110 800 800 -1
3000 0
200 71 30 185 120 48 0 40 -1 1
200 72 210 185 120 48 0 40 -1 1
200 73 30 230 120 48 0 40 -1 1
200 74 210 230 120 48 0 40 -1 1
100 241 15 130 1000 1000 -1
100 243 336 130 1000 1000 -1
600 10 180 380
600 30 225 140
600 210 225 140
600 30 270 140
600 210 270 140
3000 3
100 349 49 41 500 500 -1
100 349 119 41 500 500 -1
100 349 189 41 500 500 -1
100 349 259 41 500 500 -1
100 349 329 41 500 500 -1
100 349 49 99 500 500 -1
100 349 119 99 500 500 -1
100 349 189 99 500 500 -1
100 349 259 99 500 500 -1
100 349 329 99 500 500 -1
3000 0
2101

@0x8206F200
1 435 -113 780 88
2100 0
3100 -2
100 347 -370 -15 1000 1000 -1
700 148 2380 43 1000 1000 -1
707 0 2
707 0 4
200 125 2410 25 300 48 0 40 -1 1
100 236 419 24 899 899 -1
200 127 468 25 300 48 0 36 -1 1
100 237 636 24 899 899 -1
200 53 685 25 300 48 0 36 -1 1
100 239 20 24 899 899 -1
200 169 69 25 800 48 0 36 -1 1
3100 0
200 195 -310 21 270 128 0 42 -1 1
3100 -2
2101
2 0 435 37 35000 -299 75
9 430 880 440 543 0
2100 1
1 0 0 440 75
1 0 75 440 75
1 0 150 440 75
1 0 225 440 75
1 0 300 440 75
1 0 375 440 75
1 0 450 440 75
2101
2 1 430 140 175000 -1550 75
1500 0
1502 480 167 1
1502 480 242 2
1502 480 317 3
1502 480 392 4
1502 480 467 5
1502 480 542 6
1502 480 617 7
1501
1503 0 -1 -1 -1 -1

@0x8206F528
1 65 880 1150 543
3100 -2
2100 0
100 240 80 410 1000 1000 -1
100 242 1020 410 1000 1000 -1
100 251 10 444 1000 1000 -1
100 251 42 444 1000 1000 -1
100 251 1110 444 1000 1000 -1
200 56 590 15 40 40 0 40 -1 0
200 122 460 15 120 40 0 40 -1 1
200 123 140 410 320 48 0 40 -1 1
200 124 600 410 410 48 0 40 -1 1
300 2 610 15 40 -1 1
300 1 570 15 40 -1 1
200 0 100 60 950 600 0 38 -1 1
600 100 103 950
600 100 151 950
600 100 199 950
600 100 247 950
600 100 295 950
600 100 343 950
600 100 391 950
2101

@0x8206F750
1 435 -113 780 88
2100 0
3100 -2
100 347 -370 -15 1000 1000 -1
100 240 21 10 949 949 -1
100 242 21 40 949 949 -1
200 64 68 29 200 40 0 34 -1 1
700 148 2240 46 1000 1000 -1
200 125 2275 27 360 48 0 34 -1 1
100 236 273 24 899 899 -1
200 158 319 27 360 48 0 34 -1 1
100 239 475 24 899 899 -1
200 159 521 27 320 40 0 34 -1 1
100 237 636 24 899 899 -1
200 53 685 25 320 40 0 36 -1 1
3100 0
200 196 -310 11 270 96 0 60 -1 1
3100 -2
2101
2 0 435 37 35000 -299 75
1 65 880 1150 90
2100 1
200 0 30 20 320 48 0 40 -1 1
100 272 1050 20 1000 1000 0
2101
2 1 65 140 175000 -1550 75
1 65 1030 1150 410
2100 2
3000 -1
1300 30 -48 334 0 1
1300 350 -48 254 0 0
1300 590 -48 174 0 0
3000 0
800 1090 30 350 0
2101
2 2 65 290 175000 -1550 75
110 234 1600 800 1000 1000 -1 2
110 234 1600 800 1000 1000 -1 2
110 234 1600 800 1000 1000 -1 2
1500 0
1502 105 335 1
1502 105 425 2
1502 105 515 3
1502 105 605 4
1501
1503 0 -1 -1 -1 -1

@0x8206FB48
1000 0 0 0 0 0
1 435 -113 780 88
2100 0
100 347 -370 -15 1000 1000 -1
3000 10
700 148 2000 1000 1000 1000 -1
200 52 2000 1000 320 40 0 40 -1 1
100 236 191 24 899 899 -1
200 59 240 25 320 40 0 36 -1 1
100 239 294 24 899 899 -1
200 28 343 25 320 40 0 36 -1 1
100 237 641 24 899 899 -1
200 53 690 25 320 40 0 36 -1 1
200 188 -310 11 270 96 0 60 -1 1
3000 0
2101
2 0 435 37 35000 -299 75
9 0 740 128 128 0
2100 1
1 65 140 1150 86
2101
2100 2
200 22 25 19 322 48 0 41 -1 1
3000 1
100 185 295 11 1000 1000 -1
100 233 370 11 1000 1000 -1
100 186 445 11 1000 1000 -1
100 187 520 11 1000 1000 -1
100 188 595 11 1000 1000 -1
100 189 670 11 1000 1000 -1
100 190 745 11 1000 1000 -1
100 191 820 11 1000 1000 -1
100 192 895 11 1000 1000 -1
100 193 970 11 1000 1000 -1
100 194 1045 11 1000 1000 -1
3000 0
2101
2100 1
3000 -1
1 65 225 1150 383
4 3 -8432087 0
3000 0
1 65 611 1150 72
200 29 100 624 320 48 0 44 -1 1
200 51 2350 624 320 48 0 44 -1 1
200 47 470 624 320 48 0 44 -1 1
500 570 621 0 48 -1
200 48 850 624 320 48 0 44 -1 1
200 50 3160 624 320 48 0 44 -1 1
100 230 425 623 1000 1000 -1
100 230 800 623 1000 1000 -1
2101
2 1 0 0 175000 -1550 75
2100 2
110 291 263 -21 1000 1000 -1610612737 2
110 292 338 -21 1000 1000 -1610612737 2
110 293 413 -21 1000 1000 -1610612737 2
110 294 488 -21 1000 1000 -1610612737 2
110 296 563 -21 1000 1000 -1610612737 2
110 295 638 -21 1000 1000 -1610612737 2
110 297 713 -21 1000 1000 -1610612737 2
110 298 788 -21 1000 1000 -1610612737 2
110 299 863 -21 1000 1000 -1610612737 2
110 300 938 -21 1000 1000 -1610612737 2
110 301 1013 -21 1000 1000 -1610612737 2
2101
1500 0
1502 375 174 1
1502 450 174 12
1502 525 174 2
1502 600 174 5
1502 675 174 3
1502 750 174 4
1502 825 174 9
1502 900 174 10
1502 975 174 8
1502 1050 174 7
1502 1125 174 6
1501
1503 0 -1 -2 -2 -1
1503 1 -1 -1 -1 -1

@0x82070298
1000 0 0 0 0 0
1 435 -113 780 88
2100 0
100 347 -370 -15 1000 1000 -1
700 148 2000 1000 1000 1000 -1
3100 -2
200 125 2000 1000 360 48 0 40 -1 1
100 236 326 24 899 899 -1
200 60 372 25 360 48 0 36 -1 1
100 237 644 24 899 899 -1
200 53 690 25 320 40 0 36 -1 1
100 239 516 24 899 899 -1
200 66 562 25 360 48 0 36 -1 1
100 240 20 10 949 949 -1
100 242 20 40 949 949 -1
200 64 71 29 360 48 0 32 -1 1
3100 0
200 189 -310 11 270 96 0 60 -1 1
3100 -2
2101
2 0 435 37 35000 -299 75
1 65 925 1150 323
2100 1
3000 -1
1300 20 -48 94 336 1
1300 105 -48 94 335 0
1300 190 -48 94 333 0
1300 275 -48 94 339 0
1300 360 -48 94 338 0
1300 445 -48 94 337 0
1300 530 -48 94 334 0
3000 0
800 1105 30 263 0
600 30 79 485
600 580 79 485
600 30 136 485
600 580 136 485
600 30 193 485
600 580 193 485
600 30 250 485
600 580 250 485
2101
1 65 1253 1150 167
2100 2
200 0 35 25 1080 120 0 36 -1 1
2101
2 1 65 185 175000 -1550 75
2 2 65 513 175000 -1550 75
9 685 866 530 60 8
2100 3
200 0 20 8 600 40 0 40 -1 1
2101
2 3 685 126 175000 -1550 75
1500 0
1502 115 217 1
1502 665 217 2
1502 115 274 3
1502 665 274 4
1502 115 331 5
1502 665 331 6
1502 115 388 7
1502 665 388 8
1502 115 445 9
1502 665 445 10
1501
1503 0 -1 -1 -1 -1
1503 1 -1 -1 -1 -1

@0x820707F0
3100 -2
3000 -1
9 65 880 1150 383 0
2100 0
1 0 0 1150 383
2101
4 1 -8432087 0
2 0 65 140 175000 -1550 75
3000 0
1 65 1270 1150 150
2100 2
200 0 35 10 1130 96 0 36 -1 1
200 0 35 50 1130 128 0 36 -1 1
2101
2 2 65 530 175000 -1550 75
1503 1 -1 -1 -1 -1
3100 0

@0x82070920
3100 -2
9 0 0 380 290 8
2100 0
200 0 35 15 640 50 0 40 -1 1
200 0 35 60 640 50 0 40 -1 1
200 0 35 105 640 50 0 40 -1 1
200 0 35 150 640 50 0 40 -1 1
200 0 35 195 640 50 0 40 -1 1
200 0 35 240 640 50 0 40 -1 1
2101
3000 5
700 147 0 0 1000 1000 -1
3000 0
3100 0

@0x82070A78
1 65 925 623 323
2100 0
600 30 79 545
600 30 136 545
600 30 193 545
600 30 250 545
800 585 30 263 1
2101
2 0 65 185 175000 -1550 75
9 685 925 530 323 1
2100 1
3000 5
9 0 0 533 323 3
120 0 30 -2 1000 1000 -1
3000 4
100 251 10 -20 1000 1000 -1
100 251 42 -20 1000 1000 -1
100 251 490 -20 1000 1000 -1
3000 0
800 490 90 203 1
2101
2 1 685 185 175000 -1550 75
1500 1
1502 115 217 1
1502 115 274 2
1502 115 331 3
1502 115 388 4
1502 115 445 5
1501
1503 1 -1 -1 2 -1
1500 2
1502 725 262 1
1502 725 322 2
1502 725 382 3
1502 725 442 4
1501
1503 2 -1 1 -1 -1

@0x82070CD8
1 435 -113 780 88
2100 0
3100 -2
100 347 -370 -15 1000 1000 -1
100 240 26 10 949 949 -1
100 242 26 40 949 949 -1
200 87 76 27 200 40 0 34 -1 1
700 148 2400 43 1000 1000 -1
200 125 2430 23 200 40 0 40 -1 1
100 236 439 24 899 899 -1
200 25 488 27 160 40 0 34 -1 1
100 239 2000 24 899 899 -1
200 63 2000 27 160 40 0 34 -1 1
100 237 641 24 899 899 -1
200 53 690 25 160 40 0 36 -1 1
3100 0
200 191 -310 11 270 96 0 60 -1 1
3100 -2
2101
2 0 435 37 35000 -299 75
1 65 1270 1150 150
2100 1
200 0 35 17 1080 154 0 36 -1 1
2101
2 1 65 530 175000 -1550 75
3000 1
9 65 880 400 430 0
2100 2
200 51 790 65 480 48 0 38 -1 1
200 69 990 65 320 48 0 38 -1 1
200 55 790 120 48 48 0 38 -1 1
200 56 970 120 48 48 0 38 -1 1
200 57 790 185 120 48 0 38 -1 1
200 58 790 235 120 48 0 38 -1 1
200 71 790 285 120 48 0 38 -1 1
200 72 970 285 120 48 0 38 -1 1
200 73 790 330 120 48 0 38 -1 1
200 74 970 330 120 48 0 38 -1 1
600 790 115 320
600 790 225 320
600 790 275 320
600 790 325 140
600 970 325 140
600 790 370 140
600 970 370 140
600 790 180 320
100 146 850 160 949 850 -1
1100 1 850 160 949 850
100 126 25 115 800 800 -1
100 284 25 210 800 800 -1
100 286 25 250 800 800 -1
600 25 54 365
600 25 104 365
600 70 154 305
600 70 245 305
600 70 335 305
2101
2 2 65 140 175000 -1550 75
9 0 740 400 430 0
2100 3
200 82 855 160 480 48 0 46 -1 1
200 0 915 205 120 48 0 38 -1 0
200 0 1135 205 120 48 0 38 -1 0
200 0 915 260 180 48 0 38 -1 0
200 0 1060 262 120 48 0 36 -1 0
200 0 1015 325 240 48 0 38 -1 0
200 0 1015 375 240 48 0 38 -1 0
200 0 935 425 120 48 0 38 -1 0
200 0 1115 425 120 48 0 38 -1 0
200 0 935 470 120 48 0 38 -1 0
200 0 1115 470 120 48 0 38 -1 0
100 129 90 155 800 800 -1
100 127 90 205 800 800 -1
200 82 135 154 480 48 0 36 -1 1
200 82 135 204 480 48 0 36 -1 1
200 82 135 254 480 48 0 36 -1 1
200 82 135 299 480 48 0 36 -1 1
200 82 135 350 480 48 0 36 -1 1
200 82 135 390 480 48 0 36 -1 1
200 0 985 430 40 40 0 40 -1 1
200 0 1165 430 40 40 0 40 -1 1
200 0 985 475 40 40 0 40 -1 1
200 0 1165 475 40 40 0 40 -1 1
3000 0
100 196 475 60 920 920 -1
110 234 125 144 1000 1000 -1 2
100 285 90 440 800 800 -1
100 287 90 480 800 800 -1
200 82 135 440 480 48 0 36 -1 1
200 82 135 480 480 48 0 36 -1 1
3000 5
9 475 140 740 385 3
3000 -1
9 475 140 740 385 1
3000 -6
3000 -2
9 65 140 410 210 1
9 65 335 410 100 1
9 65 425 410 100 1
3000 2
9 65 140 410 210 3
3000 4
9 65 335 410 100 3
3000 6
9 65 425 410 100 3
3000 0
110 234 145 144 1000 1000 -1 2
110 234 435 144 1000 1000 -1 2
100 240 495 160 1000 1000 -1
100 242 1150 160 1000 1000 -1
100 129 90 297 800 800 0
3000 6
9 475 140 740 385 9
2101
2 3 0 0 175000 -1550 75
1500 0
1502 105 150 1
1502 105 200 1
1502 105 250 1
1502 105 300 1
1502 105 345 1
1502 105 385 1
1502 105 435 1
1502 105 475 1
1501
1503 0 -1 -1 -1 -1

@0x82071960
1 415 140 440 390
1 852 140 363 390
800 821 185 290 0
1503 1 -1 -1 -1 -1
600 445 205 365
600 445 256 365
600 445 307 365
600 445 358 365
600 445 409 365
600 445 460 365
110 234 425 150 1000 1000 -1 2
110 234 445 150 1000 1000 -1 2
110 234 730 150 1000 1000 -1 2

@0x82071A78
1 435 -113 780 88
3100 -2
2100 0
100 347 -370 -15 1000 1000 -1
700 148 270 45 899 899 -1
707 0 6
707 0 8
200 89 325 23 300 48 0 36 -1 1
100 237 641 24 899 899 -1
200 53 690 25 300 48 0 36 -1 1
3100 0
200 192 -310 21 270 96 0 43 -1 1
3100 -2
2101
2 0 435 37 35000 -299 75
1 65 880 1150 70
2100 1
3000 2
200 29 30 15 320 48 0 40 -1 1
200 97 340 15 120 48 0 40 -1 1
200 98 470 15 120 48 0 40 -1 1
200 99 600 15 120 48 0 40 -1 1
200 100 730 15 120 48 0 40 -1 1
200 101 860 15 120 48 0 40 -1 1
200 102 990 15 120 48 0 40 -1 1
3000 1
110 234 280 20 750 899 -1 2
104 3 -1 0
3000 0
601 320 10 51
601 450 10 51
601 580 10 51
601 710 10 51
601 840 10 51
601 970 10 51
2101
2 1 65 140 175000 -1550 75
9 65 955 128 128 0
2100 2
1 0 0 580 68
1 0 68 580 68
1 0 136 580 68
1 0 204 580 68
1 0 272 580 68
1 0 340 580 68
1 0 408 580 68
2101
3000 10
2100 3
200 90 25 6 555 50 0 32 -1 1
2101
2100 4
200 91 25 6 555 50 0 32 -1 1
2101
2100 5
200 92 25 6 555 50 0 32 -1 1
2101
2100 6
200 93 25 6 555 50 0 32 -1 1
2101
2100 7
200 96 25 6 555 50 0 32 -1 1
2101
2100 8
200 94 25 6 555 50 0 32 -1 1
2101
2100 9
200 95 25 6 555 50 0 32 -1 1
2101
2100 3
200 103 20 24 530 50 0 34 -1 1
2101
2100 4
200 104 20 24 530 50 0 34 -1 1
2101
2100 5
200 110 20 24 530 50 0 34 -1 1
2101
2100 6
200 113 20 24 530 50 0 34 -1 1
2101
2100 7
200 118 20 24 530 50 0 34 -1 1
2101
2100 8
200 116 20 24 530 50 0 34 -1 1
2101
2100 9
200 116 20 24 530 50 0 34 -1 1
2101
3000 0
2 2 65 215 175000 -1550 75
1 660 955 550 475
2100 10
100 240 30 420 949 949 -1
100 242 470 420 949 949 -1
200 123 80 426 300 50 0 34 -1 1
200 124 170 426 290 50 0 34 -1 1
200 0 290 11 64 48 0 40 -1 0
200 0 330 11 64 48 0 40 -1 0
200 56 310 11 64 48 0 40 -1 0
200 122 200 11 128 48 0 40 -1 1
200 0 28 54 494 800 0 36 -1 1
600 30 94 490
600 30 141 490
600 30 188 490
600 30 235 490
600 30 282 490
600 30 329 490
600 30 376 490
600 30 423 490
2101
2 10 660 215 175000 -1550 75
1500 0
1502 405 155 1
1502 535 155 2
1502 665 155 3
1502 795 155 4
1502 925 155 5
1502 1055 155 6
1503 0 -1 -1 -1 -1
1501

@0x820723F8
1 435 -113 780 88
2100 0
3100 -2
100 347 -370 -15 1000 1000 -1
700 148 2275 44 1000 1000 -1
200 125 2305 20 300 48 0 40 -1 1
700 148 2240 44 1000 1000 -1
707 1 6
707 1 8
200 129 2270 23 300 48 0 40 -1 1
100 237 386 24 899 899 -1
200 54 435 25 800 48 0 36 -1 1
3100 0
200 197 -310 11 270 96 0 60 -1 1
3100 -2
2101
2 0 435 37 35000 -299 75
1 65 880 1150 543
2100 1
110 234 450 12 1000 1000 -1 2
110 234 450 62 1000 1000 -1 2
200 40 120 25 400 48 0 40 -1 1
3000 1
200 130 440 25 300 48 0 40 -1 1
200 131 640 25 300 48 0 40 -1 1
3000 0
600 120 68 900
200 35 120 75 300 48 0 40 -1 1
3000 1
200 132 440 75 300 48 0 40 -1 1
200 133 640 75 300 48 0 40 -1 1
3000 0
600 120 118 900
200 37 120 135 300 48 0 40 -1 1
200 39 440 135 300 48 0 40 -1 1
600 350 178 670
200 144 440 185 300 48 0 40 -1 1
600 350 228 670
200 145 440 235 300 48 0 40 -1 1
600 120 278 900
3000 3
1200 650 133 100
300 0 920 133 40 -1 3
1200 650 183 100
300 0 920 183 40 -1 3
1200 650 233 100
300 0 920 233 40 -1 3
3000 0
110 234 440 285 1000 1000 -1 2
200 42 120 335 300 48 0 40 -1 1
200 44 440 335 300 48 0 40 -1 1
200 43 640 335 300 48 0 40 -1 1
100 312 50 15 1000 1000 -1
100 318 50 65 1000 1000 -1
100 315 50 125 1000 1000 -1
2101
2 1 65 140 175000 -1550 75
2100 0
100 240 26 7 1000 1000 -1
100 242 26 38 1000 1000 -1
200 65 80 23 240 40 0 40 -1 1
2101
2100 1
100 242 1060 490 1000 1000 -1
200 124 620 490 430 50 0 40 -1 1
300 1 555 490 40 -1 1
300 2 595 490 40 -1 1
200 56 575 490 64 48 0 40 -1 0
200 122 470 490 128 48 0 40 -1 1
2101
2100 1
110 234 440 285 1000 1000 -1 2
200 201 120 285 300 48 0 40 -1 1
200 130 440 285 300 48 0 40 -1 1
200 131 640 285 300 48 0 40 -1 1
600 120 328 900
100 350 50 275 1000 1000 -1
2101
1500 0
1502 500 165 1
1502 500 215 2
1501
1503 0 -5 -1 -1 -5
1500 3
1502 500 275 1
1502 500 325 2
1502 500 375 3
1501
1503 3 0 -1 -1 2
1500 2
1502 500 430 5
1502 500 480 4
1501
1503 2 3 -1 -1 -1

@0x82072C68
1 65 140 1150 543
2100 0
3100 -2
110 234 500 202 1000 1000 -1 2
110 234 500 242 1000 1000 -1 2
110 234 500 282 1000 1000 -1 2
200 137 120 25 300 96 0 40 -1 1
3000 1
200 138 440 25 300 48 0 40 -1 1
200 141 670 25 300 48 0 40 -1 1
200 142 770 25 300 48 0 40 -1 1
200 143 870 25 300 48 0 40 -1 1
200 206 970 25 300 48 0 40 -1 1
200 139 440 75 300 48 0 40 -1 1
200 141 670 75 300 48 0 40 -1 1
200 142 770 75 300 48 0 40 -1 1
200 143 870 75 300 48 0 40 -1 1
200 206 970 75 300 48 0 40 -1 1
200 140 440 125 300 48 0 40 -1 1
200 141 670 125 300 48 0 40 -1 1
200 142 770 125 300 48 0 40 -1 1
200 143 870 125 300 48 0 40 -1 1
200 206 970 125 300 48 0 40 -1 1
3000 0
100 313 50 15 1000 1000 -1
2101
2100 0
100 240 40 490 1000 1000 -1
200 123 95 490 400 50 0 40 -1 1
300 2 555 490 40 -1 1
300 2 595 490 40 -1 1
200 56 575 490 64 48 0 40 -1 0
200 122 470 490 128 48 0 40 -1 1
2101
1500 1
1502 500 165 4
1502 500 215 5
1502 500 265 6
1501
1503 1 -1 -1 -1 -1

@0x820730D0
1 435 -113 780 88
2100 0
3100 -2
100 347 -370 -15 1000 1000 -1
700 148 2420 44 1000 1000 -1
100 236 533 24 899 899 -1
100 237 641 24 899 899 -1
200 125 2455 20 320 40 0 36 -1 1
200 59 582 25 320 40 0 36 -1 1
200 53 690 25 320 40 0 36 -1 1
3100 0
200 200 -310 11 270 96 0 60 -1 1
3100 -2
2101
2 0 435 37 35000 -299 75
1 -675 140 400 215
2100 1
200 151 25 15 320 48 0 40 -1 1
200 152 25 60 320 48 0 40 -1 1
200 153 25 105 320 48 0 40 -1 1
200 154 25 150 320 48 0 40 -1 1
110 234 20 10 1000 1000 -1 2
2101
2 1 65 145 175000 -1550 75
1 65 1270 1150 150
2100 2
200 0 30 18 1090 144 0 40 -1 1
2101
2 2 65 530 175000 -1550 75
1 1205 470 345 60
2100 3
200 149 30 10 240 48 0 40 -1 1
300 11 220 10 40 -1 2
2101
2 3 465 470 175000 -1550 75
1 1555 470 400 60
2100 4
200 48 50 10 160 48 0 40 -1 1
300 11111111 158 8 40 -1 8
200 50 340 10 40 48 0 40 -1 1
2101
2 4 815 470 175000 -1550 75
1 1205 175 750 295
2100 5
800 700 40 235 0
3000 -1
1300 25 -48 94 340 1
1300 110 -48 94 336 0
1300 195 -48 94 333 0
1300 280 -48 94 339 0
1300 365 -48 94 338 0
3000 0
2101
2 5 465 175 175000 -1550 75
2100 0
100 241 2005 26 899 899 -1
100 243 2032 26 899 899 -1
200 46 2066 27 240 40 0 34 -1 1
100 240 20 10 949 949 -1
100 242 20 40 949 949 -1
200 64 69 27 540 40 0 34 -1 1
2101
1500 0
1502 105 155 1
1502 105 200 2
1502 105 245 3
1502 105 295 3
1501
1503 0 -2 -1 -1 -2
1500 1
1502 515 220 1
1502 515 285 2
1502 515 350 3
1502 515 415 4
1501
1503 1 -1 -1 -1 -1

@0x82073730
9 365 180 128 128 0
2100 0
3100 -2
110 234 296 102 1000 1000 -1 2
1 0 0 550 200
3000 1
100 126 30 20 1000 1000 -1
200 0 80 20 480 40 0 40 -1 1
200 146 228 110 48 48 0 48 -1 1
300 0 270 110 48 -1 1
300 1 302 110 48 -1 1
100 266 285 72 1000 1000 -1
600 10 80 530
3000 0
1 0 200 550 80
200 156 200 220 96 48 0 40 -1 1
200 50 480 223 48 48 0 40 -1 1
300 97251623 300 220 40 -1 8
2101

@0x820738F8
9 365 300 480 180 8
3100 -2
2100 0
200 176 20 10 1024 48 0 40 -1 1
200 178 40 70 320 48 0 40 -1 1
200 179 40 120 320 48 0 40 -1 1
2101
1500 2
1502 410 370 1
1502 410 420 2
1501
1503 2 -1 -1 -1 -1

@0x820739E8
3100 -2
9 365 300 480 70 8
2100 0
200 0 20 15 1024 96 0 40 -1 1
2101

@0x82073A40
9 65 245 400 415 0
2100 0
1 0 0 400 285
200 1 0 130 400 48 0 44 -1 1
200 82 110 185 60 48 0 40 -1 0
200 82 290 185 60 48 0 40 -1 0
200 82 110 230 60 48 0 40 -1 0
200 82 290 230 60 48 0 40 -1 0
200 0 165 190 40 40 0 40 -1 1
200 0 345 190 40 40 0 40 -1 1
200 0 165 235 40 40 0 40 -1 1
200 0 345 235 40 40 0 40 -1 1
3000 0
100 343 14 5 800 800 0
100 343 84 5 800 800 0
100 343 154 5 800 800 0
100 343 224 5 800 800 0
100 343 294 5 800 800 0
100 343 14 63 800 800 0
100 343 84 63 800 800 0
100 343 154 63 800 800 0
100 343 224 63 800 800 0
100 343 294 63 800 800 0
100 342 55 120 1000 1000 -1
100 342 280 120 1000 1000 -1
3000 1
100 344 0 1110 800 800 -1
3000 2
100 254 0 1110 800 800 -1
100 255 0 1110 800 800 -1
100 256 0 1110 800 800 -1
100 257 0 1110 800 800 -1
100 258 0 1110 800 800 -1
100 259 0 1110 800 800 -1
100 260 0 1110 800 800 -1
100 261 0 1110 800 800 -1
100 262 0 1110 800 800 -1
100 263 0 1110 800 800 -1
3000 0
200 71 30 185 120 48 0 40 -1 1
200 72 210 185 120 48 0 40 -1 1
200 73 30 230 120 48 0 40 -1 1
200 74 210 230 120 48 0 40 -1 1
100 241 15 130 1000 1000 -1
100 243 336 130 1000 1000 -1
600 10 180 380
600 30 225 140
600 210 225 140
600 30 270 140
600 210 270 140
3000 3
100 349 49 41 500 500 -1
100 349 119 41 500 500 -1
100 349 189 41 500 500 -1
100 349 259 41 500 500 -1
100 349 329 41 500 500 -1
100 349 49 99 500 500 -1
100 349 119 99 500 500 -1
100 349 189 99 500 500 -1
100 349 259 99 500 500 -1
100 349 329 99 500 500 -1
3000 0
2101

@0x820740D8
1 435 -113 780 88
2100 0
3100 -2
100 347 -370 -15 1000 1000 -1
700 148 2380 43 1000 1000 -1
707 0 2
707 0 4
200 125 2410 25 300 48 0 40 -1 1
100 236 444 24 899 899 -1
200 127 493 25 300 48 0 36 -1 1
100 237 641 24 899 899 -1
200 53 690 25 300 48 0 36 -1 1
100 239 20 24 899 899 -1
200 169 69 25 800 48 0 36 -1 1
3100 0
200 195 -315 19 280 128 0 46 -1 1
3100 -2
2101
2 0 435 37 35000 -299 75
9 430 880 440 543 0
2100 1
1 0 0 440 75
1 0 75 440 75
1 0 150 440 75
1 0 225 440 75
1 0 300 440 75
1 0 375 440 75
1 0 450 440 75
2101
2 1 430 140 175000 -1550 75
1500 0
1502 480 167 1
1502 480 242 2
1502 480 317 3
1502 480 392 4
1502 480 467 5
1502 480 542 6
1502 480 617 7
1501
1503 0 -1 -1 -1 -1

@0x82074400
1 65 880 1150 543
3100 -2
2100 0
100 240 80 410 1000 1000 -1
100 242 1020 410 1000 1000 -1
100 251 10 444 1000 1000 -1
100 251 42 444 1000 1000 -1
100 251 1110 444 1000 1000 -1
200 56 590 15 40 40 0 40 -1 0
200 122 485 15 120 40 0 40 -1 1
200 123 140 410 320 48 0 40 -1 1
200 124 600 410 410 48 0 40 -1 1
300 2 610 15 40 -1 1
300 1 570 15 40 -1 1
200 0 100 60 950 600 0 38 -1 1
600 100 103 950
600 100 151 950
600 100 199 950
600 100 247 950
600 100 295 950
600 100 343 950
600 100 391 950
2101

@0x82074628
1 435 -113 780 88
2100 0
3100 -2
100 347 -370 -15 1000 1000 -1
100 240 21 10 949 949 -1
100 242 21 40 949 949 -1
200 64 71 29 200 40 0 34 -1 1
700 148 2240 46 1000 1000 -1
200 125 2275 27 360 48 0 34 -1 1
100 236 273 24 899 899 -1
200 158 319 27 360 48 0 34 -1 1
100 239 460 24 899 899 -1
200 159 506 27 320 40 0 34 -1 1
100 237 641 24 899 899 -1
200 53 690 25 320 40 0 36 -1 1
3100 0
200 196 -310 11 270 96 0 60 -1 1
3100 -2
2101
2 0 435 37 35000 -299 75
1 65 880 1150 90
2100 1
200 0 30 20 320 48 0 40 -1 1
100 272 1050 20 1000 1000 0
2101
2 1 65 140 175000 -1550 75
1 65 1030 1150 410
2100 2
3000 -1
1300 30 -48 334 0 1
1300 350 -48 254 0 0
1300 590 -48 174 0 0
3000 0
800 1090 30 350 0
2101
2 2 65 290 175000 -1550 75
110 234 1600 800 1000 1000 -1 2
110 234 1600 800 1000 1000 -1 2
110 234 1600 800 1000 1000 -1 2
1500 0
1502 105 335 1
1502 105 425 2
1502 105 515 3
1502 105 605 4
1501
1503 0 -1 -1 -1 -1
